"Batch"	"oldName"	"subject"	"method"	"sample_type"	"con_bac"	"bac_load"	"con_human"	"host_load"	"total_load"
"1"	"batch13"	"OPH33_R"	"HZ33"	"R"	"OP"	14321.833	8593099.522	4599.208	2759524.858	11352624.38
"2"	"batch12"	"OPH30_R"	"HZ30"	"R"	"OP"	5531.505	3318903.093	2734.701	1640820.744	4959723.837
"3"	"batch8"	"BAL29_RM"	"LG29"	"RM"	"BALF"	4478.269	2686961.178	2481.077	1488646.016	4175607.195
"4"	"batch13"	"OPH33_RM"	"HZ33"	"RM"	"OP"	4158.758	2495254.629	44.613	26767.872	2522022.501
"5"	"Batch10"	"OPH20_R"	"HZ20"	"R"	"OP"	3406.905	2044143.121	2221.815	1333089.105	3377232.227
"6"	"batch13"	"OPH34_R"	"HZ34"	"R"	"OP"	2782.011	1669206.819	712.87	427722.046	2096928.865
"7"	"batch13"	"OPH33_P"	"HZ33"	"P"	"OP"	2708.148	1624888.684	222.523	133513.964	1758402.648
"8"	"batch13"	"OPH32_RM"	"HZ32"	"RM"	"OP"	2692.287	1615371.95	81.018	48610.821	1663982.771
"9"	"batch12"	"OPH30_RM"	"HZ30"	"RM"	"OP"	2612.351	1567410.687	171.012	102607.415	1670018.103
"10"	"batch12"	"OPH30_P"	"HZ30"	"P"	"OP"	2585.68	1551408.209	58.575	35145.093	1586553.303
"11"	"batch13"	"OPH33_F"	"HZ33"	"Fil"	"OP"	2357.926	1391562.687	18.847	11122.878	1402685.566
"12"	"batch13"	"OPH33_W"	"HZ33"	"W"	"OP"	2032.914	1219748.233	18.681	11208.524	1230956.757
"13"	"batch12"	"OPH30_W"	"HZ30"	"W"	"OP"	1428.212	856927.27	38.365	23019.026	879946.296
"14"	"batch7"	"BAL25_R"	"LG25"	"R"	"BALF"	1283.047	769828.121	567070.761	340242456.575	341012284.696
"15"	"batch11"	"OPL25_R"	"LG25"	"R"	"OP"	1189.308	713584.767	8868.115	5320868.891	6034453.658
"16"	"batch13"	"OPH33_S"	"HZ33"	"S"	"OP"	1182.322	709393.059	0	0	709393.059
"17"	"batch13"	"OPH33_M"	"HZ33"	"M"	"OP"	1045.216	627129.596	14.424	8654.547	635784.143
"18"	"Batch9"	"OPL17_R"	"LG17"	"R"	"OP"	1041.153	624691.678	469.291	281574.35	906266.028
"19"	"batch7"	"BAL26_R"	"LG26"	"R"	"BALF"	1029.286	617571.56	144242.943	86545765.657	87163337.216
"20"	"batch7"	"BAL25_P"	"LG25"	"P"	"BALF"	1009.324	605594.174	469419.344	281651606.21	282257200.384
"21"	"batch8"	"BAL29_R"	"LG29"	"R"	"BALF"	851.585	510951.019	59971.016	35982609.553	36493560.572
"22"	"batch13"	"OPH31_R"	"HZ31"	"R"	"OP"	792.716	475629.522	4557.346	2734407.602	3210037.125
"23"	"Batch2"	"OPL07_R"	"LG07"	"R"	"OP"	587.619	352571.682	455.639	273383.255	625954.936
"24"	"batch12"	"OPH30_M"	"HZ30"	"M"	"OP"	509.945	305966.768	1.154	692.165	306658.933
"25"	"batch11"	"OPL25_RM"	"LG25"	"RM"	"OP"	479.395	287636.914	244.905	146943.25	434580.164
"26"	"batch13"	"OPH32_M"	"HZ32"	"M"	"OP"	478.329	286997.312	5.117	3070.21	290067.522
"27"	"batch12"	"OPL27_R"	"LG27"	"R"	"OP"	446.77	268062.012	305.707	183424.216	451486.228
"28"	"Batch10"	"OPH20_P"	"HZ20"	"P"	"OP"	434.446	260667.74	51.45	30870.021	291537.76
"29"	"Batch9"	"OPH22_P"	"HZ22"	"P"	"OP"	432.593	259555.791	44.572	26743.312	286299.103
"30"	"Batch10"	"OPH20_RM"	"HZ20"	"RM"	"OP"	427.196	256317.346	22.797	13677.935	269995.282
"31"	"batch7"	"BAL26_P"	"LG26"	"P"	"BALF"	419.719	251831.558	21923.116	13153869.539	13405701.097
"32"	"Batch10"	"OPH20_F"	"HZ20"	"Fil"	"OP"	413.1	247859.878	6.393	3905.033	251764.912
"33"	"batch7"	"BAL25_S"	"LG25"	"S"	"BALF"	409.457	245674.401	777.893	466735.775	712410.176
"34"	"batch13"	"OPH33_H"	"HZ33"	"H"	"OP"	395.785	237470.823	0	0	237470.823
"35"	"batch13"	"OPH32_S"	"HZ32"	"S"	"OP"	389.133	233479.706	0	0	233479.706
"36"	"batch7"	"BAL25_RM"	"LG25"	"RM"	"BALF"	387.043	232226.089	5679.699	3407819.218	3640045.307
"37"	"batch11"	"OPL25_P"	"LG25"	"P"	"OP"	354.546	212727.468	265.188	159112.947	371840.416
"38"	"batch8"	"BAL29_P"	"LG29"	"P"	"BALF"	341.349	204809.692	21711.307	13026784.45	13231594.143
"39"	"batch13"	"OPH31_S"	"HZ31"	"S"	"OP"	334.157	200494.151	2.453	1471.536	201965.687
"40"	"batch7"	"BAL25_W"	"LG25"	"W"	"BALF"	330.262	198157.168	3743.828	2246297.091	2444454.259
"41"	"batch13"	"OPH32_W"	"HZ32"	"W"	"OP"	327.894	196736.478	12.781	7668.697	204405.175
"42"	"Batch2"	"OPL07_M"	"LG07"	"M"	"OP"	375.389	195202.066	22.62	11762.413	206964.478
"43"	"Batch9"	"OPH22_F"	"HZ22"	"Fil"	"OP"	278.388	178751.197	17.854	10712.544	189463.74
"44"	"Batch4"	"OPL12_R"	"LG12"	"R"	"OP"	291.446	174867.677	177.418	106450.837	281318.514
"45"	"Batch10"	"OPH23_R"	"HZ23"	"R"	"OP"	258.158	154894.769	372.194	223316.217	378210.986
"46"	"batch11"	"OPL25_F"	"LG25"	"Fil"	"OP"	204.495	150651.084	51.357	37834.864	188485.948
"47"	"batch11"	"OPL25_W"	"LG25"	"W"	"OP"	230.035	138021.101	234.272	140562.942	278584.042
"48"	"Batch9"	"OPH22_W"	"HZ22"	"W"	"OP"	221.941	133164.362	24.35	14610.287	147774.648
"49"	"Batch8"	"OPL14_R"	"LG14"	"R"	"OP"	207.011	124206.779	368.639	221183.63	345390.409
"50"	"Batch9"	"OPL17_RM"	"LG17"	"RM"	"OP"	202.593	121555.596	5.904	3542.309	125097.904
"51"	"batch13"	"OPH32_F"	"HZ32"	"Fil"	"OP"	199.15	120832.529	0.753	456.788	121289.316
"52"	"Batch9"	"OPL17_F"	"LG17"	"Fil"	"OP"	185.338	116782.56	5.375	3224.728	120007.288
"53"	"batch8"	"BAL28_RM"	"LG28"	"RM"	"BALF"	191.841	115104.889	2220.296	1332177.615	1447282.504
"54"	"Batch10"	"OPH20_W"	"HZ20"	"W"	"OP"	179.211	107526.577	4.498	2698.832	110225.408
"55"	"Batch3"	"OPL10_R"	"LG10"	"R"	"OP"	166.105	99662.917	88.185	52910.854	152573.771
"56"	"batch13"	"OPH30_H"	"HZ30"	"H"	"OP"	160.666	96399.418	0	0	96399.418
"57"	"Batch2"	"OPL07_S"	"LG07"	"S"	"OP"	158.856	95313.452	0	0	95313.452
"58"	"batch13"	"OPH31_RM"	"HZ31"	"RM"	"OP"	151.398	90838.933	23.184	13910.516	104749.45
"59"	"batch4"	"BAL17_R"	"LG17"	"R"	"BALF"	143.821	86292.793	479105.123	287463073.983	287549366.776
"60"	"batch11"	"OPL25_S"	"LG25"	"S"	"OP"	141.967	85179.92	4.134	2480.665	87660.586
"61"	"batch7"	"BAL25_F"	"LG25"	"Fil"	"BALF"	136.799	82079.415	4186.754	2512052.184	2594131.599
"62"	"batch13"	"OPH32_P"	"HZ32"	"P"	"OP"	129.878	77926.559	7.587	4552.189	82478.748
"63"	"batch13"	"OPH34_RM"	"HZ34"	"RM"	"OP"	128.774	77264.473	0.664	398.492	77662.965
"64"	"batch13"	"OPH31_F"	"HZ31"	"Fil"	"OP"	120.613	73761.036	16.157	9881.123	83642.159
"65"	"Batch9"	"OPL17_P"	"LG17"	"P"	"OP"	120.711	72426.853	3.759	2255.672	74682.525
"66"	"Batch10"	"OPH20_S"	"HZ20"	"S"	"OP"	119.775	71865.164	0	0	71865.164
"67"	"Batch2"	"OPL05_R"	"LG05"	"R"	"OP"	110.721	66432.656	23.05	13830.062	80262.718
"68"	"Batch10"	"OPH20_M"	"HZ20"	"M"	"OP"	106.387	63832.163	34.868	20920.83	84752.993
"69"	"batch8"	"BAL29_F"	"LG29"	"Fil"	"BALF"	104.075	62445.188	78.844	47306.377	109751.565
"70"	"Batch9"	"OPL17_W"	"LG17"	"W"	"OP"	103.255	61953.127	3.437	2062.284	64015.411
"71"	"Batch10"	"OPH23_RM"	"HZ23"	"RM"	"OP"	100.54	60324.194	36.672	22003.142	82327.337
"72"	"batch8"	"BAH31_R"	"HZ31"	"R"	"BALF"	97.243	58345.575	10520.376	6312225.385	6370570.96
"73"	"batch2"	"BAL07_R"	"LG07"	"R"	"BALF"	96.643	57985.843	702079.328	421247596.639	421305582.483
"74"	"Batch9"	"OPL17_M"	"LG17"	"M"	"OP"	95.546	57327.75	4.854	2912.244	60239.994
"75"	"batch12"	"OPL27_RM"	"LG27"	"RM"	"OP"	95.335	57200.754	1.758	1054.885	58255.639
"76"	"batch8"	"BAL28_R"	"LG28"	"R"	"BALF"	91.937	55162.094	358586.642	215151985.154	215207147.248
"77"	"batch1"	"BAL04_RM"	"LG04"	"RM"	"BALF"	87.964	52778.407	1.472	883.047	53661.454
"78"	"batch7"	"BAL25_H"	"LG25"	"H"	"BALF"	86.633	51979.822	58.414	35048.237	87028.059
"79"	"batch13"	"OPH32_H"	"HZ32"	"H"	"OP"	85.653	51391.648	0	0	51391.648
"80"	"Batch9"	"OPL17_S"	"LG17"	"S"	"OP"	80.039	48023.605	0	0	48023.605
"81"	"Batch5"	"OPL05_M"	"LG05"	"M"	"OP"	90.969	47303.986	0	0	47303.986
"82"	"batch7"	"BAL25_M"	"LG25"	"M"	"BALF"	78.073	46843.631	1208.783	725269.633	772113.264
"83"	"Batch9"	"OPH22_M"	"HZ22"	"M"	"OP"	76.384	45830.33	32.454	19472.595	65302.924
"84"	"Batch4"	"OPL12_S"	"LG12"	"S"	"OP"	75.617	45370.254	0	0	45370.254
"85"	"batch12"	"OPL27_M"	"LG27"	"M"	"OP"	74.795	44877.037	0.181	108.45	44985.487
"86"	"Batch9"	"OPL19_R"	"LG19"	"R"	"OP"	74.186	44511.502	37.353	22412.077	66923.58
"87"	"Batch5"	"OPL12_RM"	"LG12"	"RM"	"OP"	69.5	41699.781	5.322	3193.168	44892.949
"88"	"batch8"	"BAL29_W"	"LG29"	"W"	"BALF"	64.049	38429.446	39.292	23575.036	62004.482
"89"	"batch1"	"BAL04_R"	"LG04"	"R"	"BALF"	61.942	37165.166	6645.538	3987322.903	4024488.068
"90"	"batch8"	"BAL29_M"	"LG29"	"M"	"BALF"	61.491	36894.725	111.776	67065.689	103960.413
"91"	"Batch3"	"OPL10_RM"	"LG10"	"RM"	"OP"	55.906	33543.424	3.539	2123.16	35666.585
"92"	"batch13"	"OPH32_R"	"HZ32"	"R"	"OP"	54.723	32833.527	69.936	41961.46	74794.987
"93"	"Batch10"	"OPH23_F"	"HZ23"	"Fil"	"OP"	53.701	32220.588	22.495	14075.862	46296.45
"94"	"Batch3"	"OPL10_M"	"LG10"	"M"	"OP"	61.466	31962.092	4.712	2450.103	34412.196
"95"	"Batch4"	"OPL12_M"	"LG12"	"M"	"OP"	60.704	31566.236	2.6	1352.088	32918.324
"96"	"Batch9"	"OPH22_R"	"HZ22"	"R"	"OP"	52.051	31230.409	398.636	239181.88	270412.29
"97"	"batch12"	"OPH30_S"	"HZ30"	"S"	"OP"	51.592	30954.939	0	0	30954.939
"98"	"Batch10"	"OPH23_W"	"HZ23"	"W"	"OP"	50.041	30024.745	0	0	30024.745
"99"	"Batch9"	"OPL19_M"	"LG19"	"M"	"OP"	49.934	29960.355	7.514	4508.174	34468.53
"100"	"batch3"	"BAL13_R"	"LG13"	"R"	"BALF"	48.637	29182.075	40720.73	24432438.203	24461620.278
"101"	"batch8"	"BAL29_H"	"LG29"	"H"	"BALF"	48.354	29012.199	10.009	6005.186	35017.384
"102"	"Batch5"	"OPL07_H"	"LG07"	"H"	"OP"	55.497	27748.596	0.188	93.816	27842.412
"103"	"Batch9"	"OPH22_S"	"HZ22"	"S"	"OP"	44.049	26429.514	3.555	2133.27	28562.784
"104"	"Batch10"	"OPH20_H"	"HZ20"	"H"	"OP"	40.105	24063.156	0.159	95.42	24158.575
"105"	"batch12"	"OPL27_F"	"LG27"	"Fil"	"OP"	40.399	23584.08	0.146	85.456	23669.536
"106"	"Batch4"	"OPL12_F"	"LG12"	"Fil"	"OP"	29.96	23345.179	0.278	216.301	23561.48
"107"	"batch11"	"OPL25_M"	"LG25"	"M"	"OP"	38.86	23315.971	33.098	19858.605	43174.576
"108"	"Batch10"	"OPH23_P"	"HZ23"	"P"	"OP"	38.534	23120.601	0.786	471.542	23592.143
"109"	"batch8"	"BAH31_RM"	"HZ31"	"RM"	"BALF"	37.871	22722.728	58.542	35125.274	57848.002
"110"	"Batch8"	"OPL14_M"	"LG14"	"M"	"OP"	36.279	21767.541	0	0	21767.541
"111"	"Batch2"	"OPL05_S"	"LG05"	"S"	"OP"	34.715	20829.078	0	0	20829.078
"112"	"Batch10"	"OPH23_M"	"HZ23"	"M"	"OP"	33.571	20142.375	0.528	316.796	20459.171
"113"	"batch12"	"OPH30_F"	"HZ30"	"Fil"	"OP"	33.12	19871.984	0.272	163.18	20035.164
"114"	"batch4"	"BAL14_R"	"LG14"	"R"	"BALF"	33.104	19862.4	21257.289	12754373.235	12774235.635
"115"	"batch8"	"BAL28_F"	"LG28"	"Fil"	"BALF"	32.349	19409.639	20.977	12586.404	31996.043
"116"	"batch12"	"OPL27_S"	"LG27"	"S"	"OP"	29.978	17986.821	0.441	264.867	18251.688
"117"	"batch13"	"OPH31_W"	"HZ31"	"W"	"OP"	29.425	17655.226	19.629	11777.531	29432.756
"118"	"batch2"	"BAL10_R"	"LG10"	"R"	"BALF"	29.302	17581.439	54732.654	32839592.621	32857174.06
"119"	"batch12"	"OPL28_R"	"LG28"	"R"	"OP"	29.167	17500.241	79.15	47489.956	64990.197
"120"	"batch12"	"OPL27_H"	"LG27"	"H"	"OP"	28.93	17358.123	0	0	17358.123
"121"	"Batch10"	"OPH23_S"	"HZ23"	"S"	"OP"	28.633	17179.668	0	0	17179.668
"122"	"batch13"	"OPH31_M"	"HZ31"	"M"	"OP"	26.783	16069.534	13.272	7963.308	24032.842
"123"	"batch13"	"OPH31_P"	"HZ31"	"P"	"OP"	26.701	16020.564	71.472	42883.239	58903.803
"124"	"Batch8"	"OPL14_S"	"LG14"	"S"	"OP"	26.436	15861.702	0	0	15861.702
"125"	"batch8"	"BAH33_R"	"HZ33"	"R"	"BALF"	26.297	15777.989	523.819	314291.404	330069.393
"126"	"Batch2"	"OPL05_H"	"LG05"	"H"	"OP"	31.508	15753.756	0	0	15753.756
"127"	"batch13"	"OPH31_H"	"HZ31"	"H"	"OP"	24.311	14586.685	1.075	645.095	15231.78
"128"	"Batch9"	"OPL17_H"	"LG17"	"H"	"OP"	23.943	14365.617	0	0	14365.617
"129"	"batch1"	"BAL01_RM"	"LG01"	"RM"	"BALF"	23.636	14181.426	1470.409	882245.396	896426.822
"130"	"batch14"	"OPH36_R"	"HZ36"	"R"	"OP"	23.515	14109.191	8.02	4812.111	18921.303
"131"	"Batch10"	"OPH21_R"	"HZ21"	"R"	"OP"	22.89	13734.237	228.379	137027.281	150761.518
"132"	"Batch2"	"OPL07_RM"	"LG07"	"RM"	"OP"	22.076	13245.442	0.399	239.632	13485.074
"133"	"batch8"	"BAL29_S"	"LG29"	"S"	"BALF"	20.817	12490.142	54.74	32844.089	45334.232
"134"	"Batch8"	"OPL14_RM"	"LG14"	"RM"	"OP"	20.258	12154.724	1.194	716.388	12871.112
"135"	"batch2"	"BAL07_P"	"LG07"	"P"	"BALF"	20.158	12094.635	410259.868	246155920.729	246168015.365
"136"	"batch11"	"OPL24_R"	"LG24"	"R"	"OP"	19.867	11920.298	50.746	30447.817	42368.115
"137"	"Batch3"	"OPL10_W"	"LG10"	"W"	"OP"	18.108	10864.529	0.989	593.216	11457.745
"138"	"Batch8"	"OPL14_F"	"LG14"	"Fil"	"OP"	16.642	10698.649	0.166	106.799	10805.448
"139"	"Batch9"	"OPH22_H"	"HZ22"	"H"	"OP"	17.8	10680.284	0.975	585.208	11265.491
"140"	"batch6"	"BAH23_R"	"HZ23"	"R"	"BALF"	17.538	10522.851	693.049	415829.392	426352.243
"141"	"batch3"	"BAL12_RM"	"LG12"	"RM"	"BALF"	16.449	9869.406	4.219	2531.659	12401.065
"142"	"Batch3"	"OPL10_S"	"LG10"	"S"	"OP"	16.273	9763.857	0	0	9763.857
"143"	"batch12"	"OPL29_R"	"LG29"	"R"	"OP"	16.063	9638.072	159.278	95566.682	105204.755
"144"	"batch11"	"OPL25_H"	"LG25"	"H"	"OP"	16.056	9633.465	5.936	3561.878	13195.343
"145"	"batch8"	"BAH31_F"	"HZ31"	"Fil"	"BALF"	15.917	9550.142	3.637	2182.016	11732.158
"146"	"batch12"	"OPL27_W"	"LG27"	"W"	"OP"	15.799	9479.127	1.573	943.861	10422.987
"147"	"batch8"	"BAH31_S"	"HZ31"	"S"	"BALF"	15.758	9454.555	10.846	6507.643	15962.198
"148"	"batch3"	"BAL13_RM"	"LG13"	"RM"	"BALF"	15.094	9056.171	6.765	4058.954	13115.125
"149"	"batch8"	"BAL28_S"	"LG28"	"S"	"BALF"	14.361	8616.672	181.679	109007.277	117623.949
"150"	"batch12"	"OPL27_P"	"LG27"	"P"	"OP"	12.428	7456.885	6.188	3712.571	11169.456
"151"	"Batch2"	"OPL05_W"	"LG05"	"W"	"OP"	12.319	7391.501	0	0	7391.501
"152"	"batch10"	"BAL28_H"	"LG28"	"H"	"BALF"	12.296	7377.819	42.571	25542.734	32920.553
"153"	"batch8"	"BAH33_W"	"HZ33"	"W"	"BALF"	11.214	6728.535	0.213	127.864	6856.4
"154"	"batch3"	"BAL13_S"	"LG13"	"S"	"BALF"	11.055	6633.068	10.29	6174.061	12807.129
"155"	"Batch2"	"OPL07_P"	"LG07"	"P"	"OP"	10.933	6559.769	2.471	1482.614	8042.384
"156"	"batch1"	"BAL01_R"	"LG01"	"R"	"BALF"	10.796	6477.449	5925.635	3555381.063	3561858.512
"157"	"batch5"	"BAL18_R"	"LG18"	"R"	"BALF"	10.626	6375.351	823222.9	493933739.832	493940115.183
"158"	"batch3"	"BAL13_P"	"LG13"	"P"	"BALF"	10.484	6290.435	661.315	396789.091	403079.526
"159"	"Batch3"	"OPL10_H"	"LG10"	"H"	"OP"	12.299	6149.389	0	0	6149.389
"160"	"batch7"	"BAL28_M"	"LG28"	"M"	"BALF"	10.129	6077.25	1711.094	1026656.51	1032733.76
"161"	"batch13"	"OPH34_F"	"HZ34"	"Fil"	"OP"	10.023	5751.696	0	0	5751.696
"162"	"batch4"	"BAL17_F"	"LG17"	"Fil"	"BALF"	9.347	5608.112	57.166	34299.362	39907.474
"163"	"Batch8"	"OPL14_H"	"LG14"	"H"	"OP"	9.16	5495.707	0	0	5495.707
"164"	"batch12"	"OPL28_RM"	"LG28"	"RM"	"OP"	9.092	5455.205	13.883	8329.564	13784.769
"165"	"batch13"	"OPH34_M"	"HZ34"	"M"	"OP"	9.053	5431.694	0.088	52.809	5484.503
"166"	"Batch4"	"OPL12_P"	"LG12"	"P"	"OP"	9.021	5412.743	2.494	1496.462	6909.205
"167"	"Batch10"	"OPH21_S"	"HZ21"	"S"	"OP"	8.87	5322.064	1.936	1161.379	6483.443
"168"	"batch8"	"BAH33_S"	"HZ33"	"S"	"BALF"	8.403	5041.927	0	0	5041.927
"169"	"Batch8"	"OPL14_W"	"LG14"	"W"	"OP"	8.081	4848.713	0.208	124.95	4973.663
"170"	"Batch8"	"OPL14_P"	"LG14"	"P"	"OP"	7.659	4595.676	3.415	2048.972	6644.648
"171"	"batch5"	"BAL18_F"	"LG18"	"Fil"	"BALF"	7.641	4584.834	1699.087	1019452.036	1024036.87
"172"	"batch3"	"BAL12_R"	"LG12"	"R"	"BALF"	7.611	4566.705	33585.563	20151337.923	20155904.628
"173"	"batch1"	"BAL04_P"	"LG04"	"P"	"BALF"	7.553	4531.682	410.185	246110.706	250642.388
"174"	"Batch10"	"OPH21_RM"	"HZ21"	"RM"	"OP"	7.434	4460.403	0.231	138.306	4598.709
"175"	"Batch10"	"OPH21_F"	"HZ21"	"Fil"	"OP"	7.334	4400.614	0	0	4400.614
"176"	"Batch3"	"OPL09_R"	"LG09"	"R"	"OP"	7.069	4241.17	36.133	21679.794	25920.964
"177"	"batch4"	"BAL17_RM"	"LG17"	"RM"	"BALF"	6.927	4156.068	12.826	7695.688	11851.756
"178"	"Batch9"	"OPL19_H"	"LG19"	"H"	"OP"	6.882	4129.157	0	0	4129.157
"179"	"batch8"	"BAH31_M"	"HZ31"	"M"	"BALF"	6.733	4039.629	22.762	13656.946	17696.575
"180"	"batch3"	"BAL13_M"	"LG13"	"M"	"BALF"	6.677	4006.003	9.292	5575.154	9581.156
"181"	"Batch10"	"OPH21_W"	"HZ21"	"W"	"OP"	6.654	3992.32	0	0	3992.32
"182"	"batch3"	"BAL04_S"	"LG04"	"S"	"BALF"	6.634	3980.459	0.046	27.33	4007.789
"183"	"batch2"	"BAL09_R"	"LG09"	"R"	"BALF"	6.534	3920.186	18845.615	11307368.913	11311289.099
"184"	"batch8"	"BAH33_F"	"HZ33"	"Fil"	"BALF"	6.282	3768.905	2.637	1581.981	5350.886
"185"	"Batch10"	"OPH21_P"	"HZ21"	"P"	"OP"	6.218	3730.571	6.903	4141.954	7872.525
"186"	"Batch8"	"OPL15_R"	"LG15"	"R"	"OP"	6.189	3713.654	113.919	68351.223	72064.877
"187"	"batch10"	"BAL28_P"	"LG28"	"P"	"BALF"	6.059	3635.633	2791.983	1675189.687	1678825.32
"188"	"Batch10"	"OPH23_H"	"HZ23"	"H"	"OP"	5.777	3466.418	0	0	3466.418
"189"	"Batch3"	"OPL10_F"	"LG10"	"Fil"	"OP"	4.367	3442.489	0	0	3442.489
"190"	"batch14"	"OPH36_RM"	"HZ36"	"RM"	"OP"	5.684	3410.54	0.064	38.406	3448.946
"191"	"batch5"	"BAL19_R"	"LG19"	"R"	"BALF"	5.555	3332.792	22739.445	13643666.708	13646999.5
"192"	"batch1"	"BAL04_W"	"LG04"	"W"	"BALF"	5.538	3322.868	0.78	468.05	3790.918
"193"	"Batch4"	"OPL13_RM"	"LG13"	"RM"	"OP"	5.534	3320.137	1.289	773.122	4093.259
"194"	"batch6"	"BAH30_R"	"HZ30"	"R"	"BALF"	5.279	3167.455	3609.293	2165575.664	2168743.119
"195"	"batch2"	"BAL09_RM"	"LG09"	"RM"	"BALF"	5.201	3120.887	1.167	700.429	3821.317
"196"	"batch11"	"OPL26_R"	"LG26"	"R"	"OP"	4.98	2988.02	6.425	3855.091	6843.111
"197"	"Batch9"	"OPH22_RM"	"HZ22"	"RM"	"OP"	4.923	2953.99	2.143	1285.743	4239.733
"198"	"batch7"	"BAL28_W"	"LG28"	"W"	"BALF"	4.851	2910.884	42.205	25322.967	28233.851
"199"	"batch12"	"OPL28_M"	"LG28"	"M"	"OP"	4.796	2877.697	0.24	143.823	3021.521
"200"	"batch6"	"BAH23_RM"	"HZ23"	"RM"	"BALF"	4.668	2800.911	1.299	779.163	3580.074
"201"	"batch12"	"OPL28_F"	"LG28"	"Fil"	"OP"	4.703	2645.475	3.552	1997.958	4643.433
"202"	"batch7"	"BAL24_R"	"LG24"	"R"	"BALF"	0.856	2568.864	32019.446	19211667.776	19214236.64
"203"	"Batch9"	"OPL19_RM"	"LG19"	"RM"	"OP"	4.224	2534.424	0	0	2534.424
"204"	"batch8"	"BAH31_P"	"HZ31"	"P"	"BALF"	4.205	2522.742	2321.87	1393121.995	1395644.737
"205"	"batch11"	"OPL24_M"	"LG24"	"M"	"OP"	4.201	2520.74	2.275	1365.13	3885.869
"206"	"batch8"	"BAH31_H"	"HZ31"	"H"	"BALF"	4.098	2458.587	11.4	6839.891	9298.478
"207"	"Batch2"	"OPL05_RM"	"LG05"	"RM"	"OP"	4.018	2411.063	0	0	2411.063
"208"	"Batch4"	"OPL12_H"	"LG12"	"H"	"OP"	4.765	2382.744	0	0	2382.744
"209"	"Batch2"	"OPL07_W"	"LG07"	"W"	"OP"	3.945	2367.216	0	0	2367.216
"210"	"Batch10"	"OPH21_M"	"HZ21"	"M"	"OP"	3.945	2367.032	3.383	2029.92	4396.953
"211"	"batch4"	"BAL15_R"	"LG15"	"R"	"BALF"	3.905	2343.09	18525.676	11115405.83	11117748.92
"212"	"batch11"	"OPL24_F"	"LG24"	"Fil"	"OP"	4.414	2311.982	0	0	2311.982
"213"	"batch4"	"BAL17_P"	"LG17"	"P"	"BALF"	3.821	2292.39	6361.662	3816997.494	3819289.883
"214"	"Batch4"	"OPL13_M"	"LG13"	"M"	"OP"	4.381	2277.874	0.26	135.246	2413.12
"215"	"batch5"	"BAH20_R"	"HZ20"	"R"	"BALF"	3.784	2270.372	19790.777	11874466.195	11876736.567
"216"	"batch12"	"OPL28_W"	"LG28"	"W"	"OP"	3.693	2215.777	0.215	128.981	2344.758
"217"	"batch5"	"BAL18_RM"	"LG18"	"RM"	"BALF"	3.688	2212.914	557.652	334590.976	336803.89
"218"	"Batch2"	"OPL05_F"	"LG05"	"Fil"	"OP"	3.124	2182.615	0	0	2182.615
"219"	"batch8"	"BAH31_W"	"HZ31"	"W"	"BALF"	3.602	2161.478	35.712	21427.079	23588.557
"220"	"Batch9"	"OPL19_F"	"LG19"	"Fil"	"OP"	3.194	2120.204	0	0	2120.204
"221"	"batch6"	"BAH23_F"	"HZ23"	"Fil"	"BALF"	3.456	2073.661	0.252	151.326	2224.987
"222"	"batch11"	"OPL24_RM"	"LG24"	"RM"	"OP"	3.419	2051.621	0	0	2051.621
"223"	"batch1"	"BAL01_P"	"LG01"	"P"	"BALF"	3.251	1950.662	205.864	123518.611	125469.272
"224"	"Batch4"	"OPL13_R"	"LG13"	"R"	"OP"	3.137	1882.454	10.766	6459.404	8341.858
"225"	"batch8"	"BAH33_M"	"HZ33"	"M"	"BALF"	3.128	1877.078	0	0	1877.078
"226"	"batch1"	"BAL03_R"	"LG03"	"R"	"BALF"	3.08	1847.897	1674.245	1004546.77	1006394.667
"227"	"Batch9"	"OPL19_W"	"LG19"	"W"	"OP"	3.06	1836.199	0	0	1836.199
"228"	"batch4"	"BAL15_W"	"LG15"	"W"	"BALF"	2.956	1773.835	869.031	521418.449	523192.285
"229"	"batch1"	"BAL04_M"	"LG04"	"M"	"BALF"	2.912	1747.394	1.956	1173.608	2921.001
"230"	"batch5"	"BAL18_S"	"LG18"	"S"	"BALF"	2.849	1709.651	118.258	70955.096	72664.747
"231"	"Batch4"	"OPL13_W"	"LG13"	"W"	"OP"	2.817	1690.074	0	0	1690.074
"232"	"Batch9"	"OPL19_S"	"LG19"	"S"	"OP"	2.807	1683.939	0	0	1683.939
"233"	"batch1"	"BAL01_F"	"LG01"	"Fil"	"BALF"	2.795	1677.056	662.084	397250.654	398927.71
"234"	"Batch2"	"OPL07_F"	"LG07"	"Fil"	"OP"	2.096	1587.767	0.13	98.093	1685.86
"235"	"batch5"	"BAL18_W"	"LG18"	"W"	"BALF"	2.476	1485.306	164.055	98433.141	99918.446
"236"	"Batch2"	"OPL05_P"	"LG05"	"P"	"OP"	2.379	1427.603	0	0	1427.603
"237"	"Batch5"	"OPL09_M"	"LG09"	"M"	"OP"	2.742	1425.641	1.071	556.758	1982.399
"238"	"batch6"	"BAH23_S"	"HZ23"	"S"	"BALF"	2.309	1385.448	0	0	1385.448
"239"	"batch3"	"BAL01_W"	"LG01"	"W"	"BALF"	2.221	1332.859	5.265	3158.759	4491.618
"240"	"batch11"	"OPL26_M"	"LG26"	"M"	"OP"	2.209	1325.569	0	0	1325.569
"241"	"batch2"	"BAL05_RM"	"LG05"	"RM"	"BALF"	2.185	1310.752	0.201	120.538	1431.29
"242"	"batch3"	"BAL03_RM"	"LG03"	"RM"	"BALF"	2.142	1285.398	0.068	40.698	1326.095
"243"	"batch3"	"BAL13_H"	"LG13"	"H"	"BALF"	1.928	1156.765	1.53	918.172	2074.936
"244"	"batch13"	"OPH34_H"	"HZ34"	"H"	"OP"	1.881	1128.452	0	0	1128.452
"245"	"batch4"	"BAL14_F"	"LG14"	"Fil"	"BALF"	1.871	1122.817	17.155	10292.772	11415.589
"246"	"batch2"	"BAL05_R"	"LG05"	"R"	"BALF"	1.837	1102.313	3439.622	2063772.996	2064875.308
"247"	"batch4"	"BAL15_F"	"LG15"	"Fil"	"BALF"	1.795	1077.149	24.059	14435.202	15512.352
"248"	"Batch3"	"OPL10_P"	"LG10"	"P"	"OP"	1.736	1041.85	2.338	1402.932	2444.783
"249"	"Batch5"	"OPL13_S"	"LG13"	"S"	"OP"	1.729	1037.271	0	0	1037.271
"250"	"batch12"	"OPL29_M"	"LG29"	"M"	"OP"	1.652	991.267	0.219	131.291	1122.557
"251"	"batch11"	"OPL24_P"	"LG24"	"P"	"OP"	1.639	983.611	2.855	1713.183	2696.793
"252"	"batch6"	"BAH23_W"	"HZ23"	"W"	"BALF"	1.639	983.449	1.041	624.406	1607.855
"253"	"batch2"	"BAL09_S"	"LG09"	"S"	"BALF"	1.638	982.817	1.058	635.024	1617.841
"254"	"Batch4"	"OPL13_F"	"LG13"	"Fil"	"OP"	1.321	977.003	0	0	977.003
"255"	"batch1"	"BAL04_H"	"LG04"	"H"	"BALF"	1.601	960.504	0.366	219.386	1179.89
"256"	"batch14"	"OPH36_M"	"HZ36"	"M"	"OP"	1.561	936.547	0.173	103.986	1040.533
"257"	"batch5"	"BAH20_P"	"HZ20"	"P"	"BALF"	1.553	931.807	2671.453	1602871.784	1603803.591
"258"	"batch5"	"BAL18_P"	"LG18"	"P"	"BALF"	1.536	921.845	172454.164	103472498.3	103473420.145
"259"	"batch4"	"BAL17_S"	"LG17"	"S"	"BALF"	1.522	913.009	1.519	911.512	1824.521
"260"	"batch1"	"BAL02_R"	"LG02"	"R"	"BALF"	1.509	905.325	33578.326	20146995.469	20147900.794
"261"	"batch5"	"BAH20_RM"	"HZ20"	"RM"	"BALF"	1.448	868.653	1.38	828.071	1696.723
"262"	"Batch9"	"OPL19_P"	"LG19"	"P"	"OP"	1.406	843.422	0.299	179.473	1022.894
"263"	"batch6"	"BAH23_P"	"HZ23"	"P"	"BALF"	1.4	840.178	267.072	160243.084	161083.261
"264"	"batch7"	"BAL26_W"	"LG26"	"W"	"BALF"	1.387	832.235	27.379	16427.616	17259.851
"265"	"batch11"	"OPL24_S"	"LG24"	"S"	"OP"	1.351	810.374	0.386	231.75	1042.124
"266"	"batch8"	"BAH33_P"	"HZ33"	"P"	"BALF"	1.34	804.049	23.25	13950.141	14754.189
"267"	"batch12"	"OPL28_S"	"LG28"	"S"	"OP"	1.334	800.328	0	0	800.328
"268"	"batch9"	"BAH36_R"	"HZ36"	"R"	"BALF"	1.308	784.972	220.401	132240.753	133025.724
"269"	"batch2"	"BAL09_P"	"LG09"	"P"	"BALF"	1.297	778.275	755.927	453556.19	454334.465
"270"	"batch3"	"BAL04_F"	"LG04"	"Fil"	"BALF"	1.288	772.675	0.031	18.862	791.537
"271"	"batch6"	"BAH30_M"	"HZ30"	"M"	"BALF"	1.257	753.902	6.513	3908.031	4661.933
"272"	"batch2"	"BAL10_S"	"LG10"	"S"	"BALF"	1.238	742.751	15.411	9246.332	9989.083
"273"	"batch3"	"BAL11_R"	"LG11"	"R"	"BALF"	1.228	736.668	232553.892	139532335.335	139533072.003
"274"	"batch3"	"BAL13_F"	"LG13"	"Fil"	"BALF"	1.227	736.001	0.246	147.803	883.805
"275"	"batch4"	"BAL17_W"	"LG17"	"W"	"BALF"	1.219	731.425	10.075	6045.031	6776.456
"276"	"batch2"	"BAL10_W"	"LG10"	"W"	"BALF"	1.183	710.017	55.419	33251.442	33961.459
"277"	"Batch8"	"OPL15_M"	"LG15"	"M"	"OP"	1.142	684.973	0	0	684.973
"278"	"batch11"	"OPL24_W"	"LG24"	"W"	"OP"	1.119	671.671	0.301	180.595	852.266
"279"	"batch4"	"BAL16_R"	"LG16"	"R"	"BALF"	1.067	640.419	94793.742	56876245.103	56876885.522
"280"	"batch3"	"BAL13_W"	"LG13"	"W"	"BALF"	1.062	637.405	0.895	536.766	1174.171
"281"	"batch12"	"OPL28_H"	"LG28"	"H"	"OP"	1.052	631.056	0.203	121.998	753.054
"282"	"batch4"	"BAL15_RM"	"LG15"	"RM"	"BALF"	1.025	614.835	21.341	12804.572	13419.407
"283"	"batch4"	"BAL14_RM"	"LG14"	"RM"	"BALF"	1.008	604.714	10.401	6240.629	6845.344
"284"	"batch12"	"OPL29_RM"	"LG29"	"RM"	"OP"	0.996	597.351	0	0	597.351
"285"	"batch2"	"BAL05_P"	"LG05"	"P"	"BALF"	0.992	595.296	623.8	374279.953	374875.249
"286"	"batch6"	"BAH22_R"	"HZ22"	"R"	"BALF"	0.946	567.779	3947.014	2368208.205	2368775.985
"287"	"batch3"	"BAL01_S"	"LG01"	"S"	"BALF"	0.935	561.24	0.411	246.655	807.894
"288"	"Batch8"	"OPL16_M"	"LG16"	"M"	"OP"	0.929	557.112	0.261	156.722	713.834
"289"	"Batch1"	"OPL02_R"	"LG02"	"R"	"OP"	0.904	542.117	1.303	781.611	1323.728
"290"	"batch5"	"BAL19_M"	"LG19"	"M"	"BALF"	0.897	538.429	19.35	11609.92	12148.35
"291"	"batch1"	"BAL01_M"	"LG01"	"M"	"BALF"	0.881	528.725	3.475	2084.728	2613.453
"292"	"Batch8"	"OPL16_R"	"LG16"	"R"	"OP"	0.865	518.876	0.409	245.577	764.453
"293"	"batch5"	"BAL19_P"	"LG19"	"P"	"BALF"	0.859	515.545	1949.838	1169902.826	1170418.371
"294"	"batch6"	"BAH30_W"	"HZ30"	"W"	"BALF"	0.842	505.197	6.25	3749.725	4254.923
"295"	"batch4"	"BAL14_M"	"LG14"	"M"	"BALF"	0.841	504.342	8.053	4831.57	5335.913
"296"	"batch13"	"OPL26_RM"	"LG26"	"RM"	"OP"	0.829	497.228	0	0	497.228
"297"	"batch4"	"BAL15_P"	"LG15"	"P"	"BALF"	0.816	489.62	3287.781	1972668.563	1973158.183
"298"	"Batch4"	"OPL12_W"	"LG12"	"W"	"OP"	0.776	465.59	0	0	465.59
"299"	"batch7"	"BAL24_RM"	"LG24"	"RM"	"BALF"	0.774	464.545	49.15	29489.986	29954.53
"300"	"batch2"	"BAL10_M"	"LG10"	"M"	"BALF"	0.764	458.482	29.329	17597.168	18055.65
"301"	"batch9"	"BAH34_S"	"HZ34"	"S"	"BALF"	0.76	456.227	0	0	456.227
"302"	"batch4"	"BAL14_P"	"LG14"	"P"	"BALF"	0.748	448.502	3173.293	1903975.784	1904424.286
"303"	"batch2"	"BAL07_F"	"LG07"	"Fil"	"BALF"	0.714	428.559	812.298	487378.571	487807.13
"304"	"batch5"	"BAH20_W"	"HZ20"	"W"	"BALF"	0.705	422.929	9.933	5960.076	6383.005
"305"	"batch11"	"OPL26_F"	"LG26"	"Fil"	"OP"	0.7	420.155	0	0	420.155
"306"	"batch7"	"BAL27_R"	"LG27"	"R"	"BALF"	0.138	413.024	29308.913	17585347.962	17585760.986
"307"	"batch2"	"BAL07_W"	"LG07"	"W"	"BALF"	0.681	408.542	401.391	240834.706	241243.248
"308"	"batch3"	"BAL12_S"	"LG12"	"S"	"BALF"	0.677	406.4	9.843	5905.94	6312.34
"309"	"batch11"	"OPL24_H"	"LG24"	"H"	"OP"	0.675	404.867	0.267	160.046	564.913
"310"	"batch12"	"OPL28_P"	"LG28"	"P"	"OP"	0.671	402.787	0.877	526.322	929.109
"311"	"Batch3"	"OPL09_RM"	"LG09"	"RM"	"OP"	0.639	383.155	0.398	238.582	621.737
"312"	"batch7"	"BAL27_RM"	"LG27"	"RM"	"BALF"	0.637	382.025	569.317	341590.394	341972.419
"313"	"batch5"	"BAL18_M"	"LG18"	"M"	"BALF"	0.62	372.018	158.833	95299.927	95671.945
"314"	"batch7"	"BAL26_RM"	"LG26"	"RM"	"BALF"	0.616	369.881	52.065	31239.128	31609.009
"315"	"batch12"	"OPL29_W"	"LG29"	"W"	"OP"	0.611	366.698	6.748	4049.053	4415.751
"316"	"batch5"	"BAH21_R"	"HZ21"	"R"	"BALF"	0.61	365.859	14954.918	8972950.981	8973316.839
"317"	"Batch3"	"OPL09_S"	"LG09"	"S"	"OP"	0.603	361.569	0	0	361.569
"318"	"Batch8"	"OPL16_RM"	"LG16"	"RM"	"OP"	0.599	359.315	0	0	359.315
"319"	"batch2"	"BAL09_M"	"LG09"	"M"	"BALF"	0.593	355.847	14.04	8423.877	8779.724
"320"	"batch6"	"BAH30_S"	"HZ30"	"S"	"BALF"	0.584	350.574	0.823	493.823	844.398
"321"	"batch5"	"BAL19_F"	"LG19"	"Fil"	"BALF"	0.564	338.154	122.123	73273.788	73611.942
"322"	"batch7"	"BAL27_F"	"LG27"	"Fil"	"BALF"	0.555	333.092	98.498	59098.981	59432.073
"323"	"batch6"	"BAH30_P"	"HZ30"	"P"	"BALF"	0.553	331.739	40.666	24399.687	24731.426
"324"	"batch4"	"BAL16_H"	"LG16"	"H"	"BALF"	0.546	327.745	1.982	1189.18	1516.925
"325"	"batch3"	"BAL02_W"	"LG02"	"W"	"BALF"	0.543	325.83	2.829	1697.51	2023.34
"326"	"batch2"	"BAL07_M"	"LG07"	"M"	"BALF"	0.526	315.784	1164.111	698466.495	698782.278
"327"	"batch6"	"BAH22_RM"	"HZ22"	"RM"	"BALF"	0.52	312.234	47.184	28310.169	28622.403
"328"	"batch7"	"BAL24_S"	"LG24"	"S"	"BALF"	0.519	311.244	1.329	797.231	1108.476
"329"	"batch2"	"BAL05_S"	"LG05"	"S"	"BALF"	0.515	308.762	0.076	45.327	354.088
"330"	"batch2"	"BAL05_W"	"LG05"	"W"	"BALF"	0.512	307.094	0.031	18.508	325.602
"331"	"batch7"	"BAL27_S"	"LG27"	"S"	"BALF"	0.51	305.846	13.368	8020.64	8326.485
"332"	"batch1"	"BAL03_F"	"LG03"	"Fil"	"BALF"	0.502	301.092	0	0	301.092
"333"	"batch2"	"BAL07_RM"	"LG07"	"RM"	"BALF"	0.496	297.401	7334.638	4400782.892	4401080.293
"334"	"batch11"	"OPL26_S"	"LG26"	"S"	"OP"	0.48	288.067	0	0	288.067
"335"	"batch1"	"BAL03_W"	"LG03"	"W"	"BALF"	0.478	286.529	0	0	286.529
"336"	"batch14"	"OPH37_R"	"HZ37"	"R"	"OP"	0.45	268.628	4.873	2923.971	3192.599
"337"	"batch5"	"BAH21_S"	"HZ21"	"S"	"BALF"	0.447	268.494	1.812	1087.189	1355.683
"338"	"Batch10"	"OPH21_H"	"HZ21"	"H"	"OP"	0.43	258.219	0.146	87.871	346.09
"339"	"batch2"	"BAL10_F"	"LG10"	"Fil"	"BALF"	0.427	256.13	12.125	7275.21	7531.34
"340"	"batch7"	"BAL27_W"	"LG27"	"W"	"BALF"	0.422	253.302	78.13	46878.247	47131.549
"341"	"batch3"	"BAL11_W"	"LG11"	"W"	"BALF"	0.401	240.765	129.21	77526.015	77766.781
"342"	"batch4"	"BAL17_M"	"LG17"	"M"	"BALF"	0.397	238.009	4.292	2575.303	2813.311
"343"	"Batch8"	"OPL15_S"	"LG15"	"S"	"OP"	0.39	233.754	0	0	233.754
"344"	"batch2"	"BAL07_S"	"LG07"	"S"	"BALF"	0.387	232.222	132.389	79433.692	79665.914
"345"	"batch7"	"BAL24_F"	"LG24"	"Fil"	"BALF"	0.385	230.998	7.51	4506.058	4737.056
"346"	"Batch8"	"OPL16_S"	"LG16"	"S"	"OP"	0.369	221.321	0	0	221.321
"347"	"batch6"	"BAH23_M"	"HZ23"	"M"	"BALF"	0.364	218.387	0.209	125.241	343.628
"348"	"batch2"	"BAL05_M"	"LG05"	"M"	"BALF"	0.362	217.451	0	0	217.451
"349"	"batch4"	"BAL15_M"	"LG15"	"M"	"BALF"	0.361	216.501	21.483	12889.914	13106.415
"350"	"batch11"	"OPL26_W"	"LG26"	"W"	"OP"	0.36	216.193	0.244	146.306	362.499
"351"	"batch5"	"BAH20_S"	"HZ20"	"S"	"BALF"	0.359	215.597	0.56	335.823	551.42
"352"	"batch3"	"BAL12_M"	"LG12"	"M"	"BALF"	0.353	211.546	5.474	3284.392	3495.938
"353"	"batch5"	"BAL19_RM"	"LG19"	"RM"	"BALF"	0.352	211.47	4.885	2931.2	3142.671
"354"	"batch7"	"BAL26_S"	"LG26"	"S"	"BALF"	0.352	210.909	3.583	2149.866	2360.775
"355"	"Batch3"	"OPL09_W"	"LG09"	"W"	"OP"	0.343	205.575	0.378	226.73	432.305
"356"	"batch4"	"BAL14_W"	"LG14"	"W"	"BALF"	0.335	201.071	13.819	8291.172	8492.243
"357"	"batch14"	"OPH36_W"	"HZ36"	"W"	"OP"	0.323	193.757	0	0	193.757
"358"	"batch12"	"OPL29_F"	"LG29"	"Fil"	"OP"	0.36	193.477	0.208	111.685	305.162
"359"	"batch7"	"BAL26_F"	"LG26"	"Fil"	"BALF"	0.315	188.754	8.786	5271.664	5460.418
"360"	"batch7"	"BAL24_P"	"LG24"	"P"	"BALF"	0.306	183.567	2542.773	1525663.968	1525847.535
"361"	"Batch1"	"OPL02_S"	"LG02"	"S"	"OP"	0.305	182.938	0	0	182.938
"362"	"batch4"	"BAL14_S"	"LG14"	"S"	"BALF"	0.305	182.871	12.729	7637.259	7820.13
"363"	"batch7"	"BAL24_M"	"LG24"	"M"	"BALF"	0.295	177.18	22.089	13253.298	13430.478
"364"	"Batch1"	"OPL03_R"	"LG03"	"R"	"OP"	0.295	176.851	5.272	3163.139	3339.99
"365"	"Batch8"	"OPL15_RM"	"LG15"	"RM"	"OP"	0.293	175.75	0	0	175.75
"366"	"batch5"	"BAL19_H"	"LG19"	"H"	"BALF"	0.288	172.664	661.851	397110.433	397283.097
"367"	"batch5"	"BAH20_F"	"HZ20"	"Fil"	"BALF"	0.277	166.19	0.373	223.958	390.148
"368"	"batch4"	"BAL16_F"	"LG16"	"Fil"	"BALF"	0.272	163.148	4.91	2945.991	3109.138
"369"	"batch1"	"BAL03_P"	"LG03"	"P"	"BALF"	0.27	162.139	38.114	22868.453	23030.591
"370"	"Batch8"	"OPL15_F"	"LG15"	"Fil"	"OP"	0.282	160.998	0	0	160.998
"371"	"batch2"	"BAL10_P"	"LG10"	"P"	"BALF"	0.267	160.482	3239.507	1943703.994	1943864.476
"372"	"batch1"	"BAL02_M"	"LG02"	"M"	"BALF"	0.262	157.398	21.388	12832.65	12990.047
"373"	"Batch4"	"OPL13_H"	"LG13"	"H"	"OP"	0.313	156.737	0.356	178.012	334.749
"374"	"batch11"	"OPL26_H"	"LG26"	"H"	"OP"	0.258	155.016	0	0	155.016
"375"	"Batch1"	"OPL02_M"	"LG02"	"M"	"OP"	0.297	154.542	0	0	154.542
"376"	"batch5"	"BAL18_H"	"LG18"	"H"	"BALF"	0.254	152.486	19.1	11460.204	11612.69
"377"	"batch10"	"BAH33_H"	"HZ33"	"H"	"BALF"	0.245	146.869	0.09	53.723	200.592
"378"	"Batch2"	"OPL04_R"	"LG04"	"R"	"OP"	0.235	141.072	1.5	899.856	1040.928
"379"	"Batch8"	"OPL16_F"	"LG16"	"Fil"	"OP"	0.234	135.585	0	0	135.585
"380"	"Batch3"	"OPL11_R"	"LG11"	"R"	"OP"	0.226	135.569	16.291	9774.743	9910.312
"381"	"batch4"	"BAL15_S"	"LG15"	"S"	"BALF"	0.221	132.818	1.243	746.04	878.858
"382"	"batch12"	"OPL29_S"	"LG29"	"S"	"OP"	0.221	132.519	0	0	132.519
"383"	"batch9"	"BAH36_RM"	"HZ36"	"RM"	"BALF"	0.221	132.453	0	0	132.453
"384"	"batch3"	"BAL11_M"	"LG11"	"M"	"BALF"	0.214	128.2	71.809	43085.548	43213.747
"385"	"Batch1"	"OPL01_R"	"LG01"	"R"	"OP"	0.211	126.708	0.818	490.889	617.597
"386"	"batch9"	"BAH34_M"	"HZ34"	"M"	"BALF"	0.209	125.356	0.171	102.759	228.115
"387"	"Batch1"	"OPL02_P"	"LG02"	"P"	"OP"	0.209	125.224	0	0	125.224
"388"	"Batch2"	"OPL01_RM"	"LG01"	"RM"	"OP"	0.207	124.034	0.411	246.312	370.346
"389"	"batch10"	"BAH34_RM"	"HZ34"	"RM"	"BALF"	0.205	123.272	0.543	325.624	448.896
"390"	"batch7"	"BAL24_W"	"LG24"	"W"	"BALF"	0.199	119.542	2.864	1718.217	1837.759
"391"	"batch6"	"BAH30_H"	"HZ30"	"H"	"BALF"	0.197	118.018	0.118	70.895	188.913
"392"	"batch9"	"BAH36_M"	"HZ36"	"M"	"BALF"	0.196	117.402	0	0	117.402
"393"	"batch5"	"BAH20_H"	"HZ20"	"H"	"BALF"	0.194	116.115	12.176	7305.807	7421.922
"394"	"batch9"	"BAH36_P"	"HZ36"	"P"	"BALF"	0.193	115.703	54.338	32603.052	32718.755
"395"	"batch1"	"BAL02_P"	"LG02"	"P"	"BALF"	0.189	113.382	3560.446	2136267.816	2136381.198
"396"	"Batch3"	"OPL11_M"	"LG11"	"M"	"OP"	0.217	113.086	0.287	149.366	262.452
"397"	"batch7"	"BAL27_P"	"LG27"	"P"	"BALF"	0.188	112.712	1003.027	601815.974	601928.686
"398"	"Batch3"	"OPL09_P"	"LG09"	"P"	"OP"	0.188	112.634	0.639	383.188	495.822
"399"	"batch4"	"BAL17_H"	"LG17"	"H"	"BALF"	0.188	112.529	2.605	1563.254	1675.783
"400"	"batch1"	"BAL01_H"	"LG01"	"H"	"BALF"	0.182	109.04	0.056	33.373	142.413
"401"	"batch2"	"BAL05_H"	"LG05"	"H"	"BALF"	0.181	108.688	0	0	108.688
"402"	"batch3"	"BAL11_F"	"LG11"	"Fil"	"BALF"	0.179	107.159	6.72	4032.296	4139.455
"403"	"Batch2"	"OPL04_M"	"LG04"	"M"	"OP"	0.2	104.212	0	0	104.212
"404"	"batch9"	"BAH22_M"	"HZ22"	"M"	"BALF"	0.17	102.07	14.493	8695.628	8797.698
"405"	"batch5"	"BAH21_RM"	"HZ21"	"RM"	"BALF"	0.165	99	2.639	1583.216	1682.216
"406"	"batch6"	"BAH30_RM"	"HZ30"	"RM"	"BALF"	0.161	96.736	3.056	1833.326	1930.062
"407"	"batch5"	"BAL19_W"	"LG19"	"W"	"BALF"	0.161	96.595	4.524	2714.303	2810.898
"408"	"batch14"	"OPH36_F"	"HZ36"	"Fil"	"OP"	0.114	94.765	0	0	94.765
"409"	"batch9"	"BAH34_W"	"HZ34"	"W"	"BALF"	0.154	92.107	0.51	305.729	397.836
"410"	"batch2"	"BAL05_F"	"LG05"	"Fil"	"BALF"	0.153	91.501	0.23	138.233	229.734
"411"	"Batch8"	"OPL16_W"	"LG16"	"W"	"OP"	0.152	91.362	0	0	91.362
"412"	"batch14"	"OPH37_M"	"HZ37"	"M"	"OP"	0.152	91.316	0.199	119.659	210.975
"413"	"Batch3"	"OPL09_F"	"LG09"	"Fil"	"OP"	0.103	87.605	0	0	87.605
"414"	"batch2"	"BAL09_H"	"LG09"	"H"	"BALF"	0.146	87.601	2.479	1487.257	1574.858
"415"	"batch3"	"BAL11_P"	"LG11"	"P"	"BALF"	0.142	85.362	19795.296	11877177.54	11877262.901
"416"	"batch9"	"BAH34_F"	"HZ34"	"Fil"	"BALF"	0.142	85.035	0.152	91.482	176.517
"417"	"batch13"	"OPH34_S"	"HZ34"	"S"	"OP"	0.139	83.26	0	0	83.26
"418"	"batch9"	"BAH34_R"	"HZ34"	"R"	"BALF"	0.138	83.029	129.681	77808.523	77891.552
"419"	"batch12"	"OPL29_P"	"LG29"	"P"	"OP"	0.138	82.603	2.934	1760.478	1843.081
"420"	"Batch5"	"OPL01_M"	"LG01"	"M"	"OP"	0.157	81.42	0.099	59.28	140.7
"421"	"Batch8"	"OPL15_W"	"LG15"	"W"	"OP"	0.136	81.311	0	0	81.311
"422"	"batch13"	"OPH34_P"	"HZ34"	"P"	"OP"	0.13	77.857	0	0	77.857
"423"	"batch7"	"BAL27_M"	"LG27"	"M"	"BALF"	0.128	77.026	53.831	32298.354	32375.38
"424"	"Batch8"	"OPL16_H"	"LG16"	"H"	"OP"	0.124	74.252	0	0	74.252
"425"	"batch14"	"OPH37_F"	"HZ37"	"Fil"	"OP"	0.091	71.474	0	0	71.474
"426"	"batch3"	"BAL12_H"	"LG12"	"H"	"BALF"	0.119	71.31	1.638	982.773	1054.083
"427"	"batch1"	"BAL03_M"	"LG03"	"M"	"BALF"	0.116	69.827	0	0	69.827
"428"	"Batch1"	"OPL02_H"	"LG02"	"H"	"OP"	0.138	69.183	0	0	69.183
"429"	"batch2"	"BAL10_H"	"LG10"	"H"	"BALF"	0.113	67.847	7.626	4575.763	4643.61
"430"	"batch2"	"BAL10_RM"	"LG10"	"RM"	"BALF"	0.112	67.246	17.139	10283.478	10350.724
"431"	"batch4"	"BAL14_H"	"LG14"	"H"	"BALF"	0.111	66.378	2.938	1763.032	1829.41
"432"	"batch13"	"OPH34_W"	"HZ34"	"W"	"OP"	0.105	63.056	0	0	63.056
"433"	"batch9"	"BAH36_W"	"HZ36"	"W"	"BALF"	0.103	61.924	0	0	61.924
"434"	"batch5"	"BAH21_P"	"HZ21"	"P"	"BALF"	0.103	61.562	667.799	400679.446	400741.008
"435"	"batch11"	"OPL26_P"	"LG26"	"P"	"OP"	0.101	60.497	0	0	60.497
"436"	"batch1"	"BAL02_H"	"LG02"	"H"	"BALF"	0.099	59.108	1.515	909.272	968.38
"437"	"batch6"	"BAH22_P"	"HZ22"	"P"	"BALF"	0.095	57.257	145.949	87569.468	87626.725
"438"	"batch12"	"OPL29_H"	"LG29"	"H"	"OP"	0.094	56.163	0.153	91.856	148.018
"439"	"batch8"	"BAH33_RM"	"HZ33"	"RM"	"BALF"	0.093	55.754	0.058	34.926	90.68
"440"	"Batch4"	"OPL13_P"	"LG13"	"P"	"OP"	0.091	54.487	0	0	54.487
"441"	"batch7"	"BAL26_H"	"LG26"	"H"	"BALF"	0.091	54.321	12.648	7588.765	7643.086
"442"	"batch3"	"BAL02_F"	"LG02"	"Fil"	"BALF"	0.09	54.209	8.472	5083.42	5137.629
"443"	"Batch3"	"OPL09_H"	"LG09"	"H"	"OP"	0.107	53.426	0	0	53.426
"444"	"batch9"	"BAH36_F"	"HZ36"	"Fil"	"BALF"	0.087	52.363	0	0	52.363
"445"	"batch2"	"BAL07_H"	"LG07"	"H"	"BALF"	0.086	51.697	19.619	11771.107	11822.804
"446"	"Batch3"	"OPL11_F"	"LG11"	"Fil"	"OP"	0.071	51.189	0	0	51.189
"447"	"batch3"	"BAL02_RM"	"LG02"	"RM"	"BALF"	0.085	50.835	25.798	15478.792	15529.627
"448"	"batch4"	"BAL16_W"	"LG16"	"W"	"BALF"	0.085	50.812	249.412	149646.92	149697.731
"449"	"batch3"	"BAL12_P"	"LG12"	"P"	"BALF"	0.083	49.897	53.573	32143.777	32193.674
"450"	"batch5"	"BAL19_S"	"LG19"	"S"	"BALF"	0.083	49.814	0	0	49.814
"451"	"batch3"	"BAL12_W"	"LG12"	"W"	"BALF"	0.082	49.407	0.769	461.135	510.542
"452"	"batch4"	"BAL15_H"	"LG15"	"H"	"BALF"	0.082	49.159	0.504	302.258	351.417
"453"	"batch14"	"OPH36_H"	"HZ36"	"H"	"OP"	0.082	49.121	0	0	49.121
"454"	"Batch3"	"OPL11_RM"	"LG11"	"RM"	"OP"	0.078	46.61	0	0	46.61
"455"	"batch7"	"BAL27_H"	"LG27"	"H"	"BALF"	0.069	41.557	5.24	3143.99	3185.547
"456"	"Batch8"	"OPL15_P"	"LG15"	"P"	"OP"	0.069	41.433	1.941	1164.842	1206.276
"457"	"batch7"	"BAL24_H"	"LG24"	"H"	"BALF"	0.066	39.496	0.04	24.235	63.731
"458"	"Batch1"	"OPL02_W"	"LG02"	"W"	"OP"	0.065	38.773	0	0	38.773
"459"	"batch9"	"BAH37_R"	"HZ37"	"R"	"BALF"	0.064	38.182	1632.427	979456	979494.182
"460"	"batch14"	"OPH37_RM"	"HZ37"	"RM"	"OP"	0.062	37.101	0	0	37.101
"461"	"batch3"	"BAL11_RM"	"LG11"	"RM"	"BALF"	0.061	36.897	16.026	9615.629	9652.526
"462"	"Batch2"	"OPL04_RM"	"LG04"	"RM"	"OP"	0.061	36.733	0	0	36.733
"463"	"batch6"	"BAH23_H"	"HZ23"	"H"	"BALF"	0.061	36.712	0	0	36.712
"464"	"batch14"	"OPH35_M"	"HZ35"	"M"	"OP"	0.061	36.394	0.776	465.456	501.85
"465"	"batch2"	"BAL09_W"	"LG09"	"W"	"BALF"	0.055	32.927	1.584	950.472	983.398
"466"	"Batch2"	"OPL02_RM"	"LG02"	"RM"	"OP"	0.054	32.103	0	0	32.103
"467"	"batch9"	"BAH36_H"	"HZ36"	"H"	"BALF"	0.053	31.812	0	0	31.812
"468"	"batch5"	"BAH20_M"	"HZ20"	"M"	"BALF"	0.049	29.695	21.014	12608.193	12637.888
"469"	"batch3"	"BAL11_S"	"LG11"	"S"	"BALF"	0.049	29.475	1.117	670.203	699.678
"470"	"Batch3"	"OPL11_S"	"LG11"	"S"	"OP"	0.048	28.759	0	0	28.759
"471"	"batch7"	"BAL26_M"	"LG26"	"M"	"BALF"	0.046	27.871	79.56	47736.235	47764.107
"472"	"Batch2"	"OPL04_S"	"LG04"	"S"	"OP"	0.043	25.916	0	0	25.916
"473"	"batch9"	"BAH35_H"	"HZ35"	"H"	"BALF"	0.042	24.911	0	0	24.911
"474"	"Batch1"	"OPL03_RM"	"LG03"	"RM"	"OP"	0.041	24.623	0	0	24.623
"475"	"batch9"	"BAH37_H"	"HZ37"	"H"	"BALF"	0.041	24.622	2.364	1418.426	1443.048
"476"	"batch14"	"OPH37_S"	"HZ37"	"S"	"OP"	0.041	24.505	0	0	24.505
"477"	"batch1"	"BAL03_H"	"LG03"	"H"	"BALF"	0.039	23.281	0	0	23.281
"478"	"Batch1"	"OPL03_M"	"LG03"	"M"	"OP"	0.045	23.272	0.389	202.19	225.462
"479"	"batch3"	"BAL02_S"	"LG02"	"S"	"BALF"	0.038	22.898	19.16	11495.908	11518.806
"480"	"Batch3"	"OPL11_H"	"LG11"	"H"	"OP"	0.042	21.183	0	0	21.183
"481"	"Batch1"	"OPL02_F"	"LG02"	"Fil"	"OP"	0.027	21.099	0	0	21.099
"482"	"batch5"	"BAH21_F"	"HZ21"	"Fil"	"BALF"	0.034	20.413	1.24	743.899	764.312
"483"	"batch9"	"BAH37_M"	"HZ37"	"M"	"BALF"	0.033	19.931	4.055	2433.076	2453.008
"484"	"Batch2"	"OPL04_H"	"LG04"	"H"	"OP"	0.039	19.724	0	0	19.724
"485"	"Batch2"	"OPL04_F"	"LG04"	"Fil"	"OP"	0.024	19.569	0	0	19.569
"486"	"batch4"	"BAL16_P"	"LG16"	"P"	"BALF"	0.032	18.92	14627.036	8776221.564	8776240.483
"487"	"Batch3"	"OPL11_W"	"LG11"	"W"	"OP"	0.031	18.512	0	0	18.512
"488"	"batch14"	"OPH35_F"	"HZ35"	"Fil"	"OP"	0.03	17.991	0	0	17.991
"489"	"batch5"	"BAH21_H"	"HZ21"	"H"	"BALF"	0.028	16.793	0.047	27.963	44.756
"490"	"Batch2"	"OPL04_W"	"LG04"	"W"	"OP"	0.028	16.744	0	0	16.744
"491"	"batch7"	"BANC3_H"	"NC3"	"H"	"BANC"	0.025	14.963	0	0	14.963
"492"	"batch14"	"OPH35_H"	"HZ35"	"H"	"OP"	0.025	14.936	0	0	14.936
"493"	"batch6"	"BAH30_F"	"HZ30"	"Fil"	"BALF"	0.025	14.853	0.096	57.508	72.361
"494"	"batch4"	"BAL16_S"	"LG16"	"S"	"BALF"	0.024	14.601	2.276	1365.781	1380.382
"495"	""	"OPNC3_H"	"NC3"	"H"	"OPNC"	0.024	14.319	0	0	14.319
"496"	"batch14"	"OPH36_P"	"HZ36"	"P"	"OP"	0.023	13.793	0	0	13.793
"497"	"batch9"	"BAH36_S"	"HZ36"	"S"	"BALF"	0.023	13.692	0	0	13.692
"498"	"batch9"	"BAH35_F"	"HZ35"	"Fil"	"BALF"	0.023	13.513	22.787	13672.264	13685.777
"499"	""	"OPNC1_H"	"NC1"	"H"	"OPNC"	0.022	13.453	0	0	13.453
"500"	"batch3"	"BAL11_H"	"LG11"	"H"	"BALF"	0.022	13.185	3.016	1809.374	1822.559
"501"	""	"OPNC2_H"	"NC2"	"H"	"OPNC"	0.022	13.098	0	0	13.098
"502"	"batch9"	"BAH37_W"	"HZ37"	"W"	"BALF"	0.022	12.984	0	0	12.984
"503"	""	"OPNC2_S"	"NC2"	"S"	"OPNC"	0.022	12.979	0	0	12.979
"504"	"batch9"	"BAH37_F"	"HZ37"	"Fil"	"BALF"	0.02	12.269	0	0	12.269
"505"	""	"OPNC3_P"	"NC3"	"P"	"OPNC"	0.02	12.049	0	0	12.049
"506"	"Batch5"	"OPL01_H"	"LG01"	"H"	"OP"	0.024	12.014	0	0	12.014
"507"	"Batch1"	"OPL03_F"	"LG03"	"Fil"	"OP"	0.012	11.961	0	0	11.961
"508"	"Batch8"	"OPL15_H"	"LG15"	"H"	"OP"	0.02	11.88	0	0	11.88
"509"	"batch14"	"OPH37_P"	"HZ37"	"P"	"OP"	0.02	11.794	0	0	11.794
"510"	"batch2"	"BAL09_F"	"LG09"	"Fil"	"BALF"	0.019	11.591	0.596	357.743	369.335
"511"	""	"OPNC1_S"	"NC1"	"S"	"OPNC"	0.019	11.444	0	0	11.444
"512"	"batch14"	"OPH36_S"	"HZ36"	"S"	"OP"	0.018	10.909	0	0	10.909
"513"	""	"OPNC3_F"	"NC3"	"F"	"OPNC"	0.018	10.863	0	0	10.863
"514"	""	"OPNC1_RM"	"NC1"	"RM"	"OPNC"	0.018	10.75	0	0	10.75
"515"	""	"OPNC2_M"	"NC2"	"M"	"OPNC"	0.018	10.668	0	0	10.668
"516"	"Batch8"	"OPL16_P"	"LG16"	"P"	"OP"	0.018	10.632	0.317	190.29	200.922
"517"	"batch14"	"OPH35_W"	"HZ35"	"W"	"OP"	0.018	10.605	0	0	10.605
"518"	"Batch1"	"OPL03_S"	"LG03"	"S"	"OP"	0.018	10.545	0	0	10.545
"519"	"batch3"	"BANC1_F"	"NC1"	"F"	"BANC"	0.017	10.499	0	0	10.499
"520"	"batch6"	"BAH22_F"	"HZ22"	"Fil"	"BALF"	0.017	10.327	0.036	21.821	32.148
"521"	"batch14"	"OPH35_RM"	"HZ35"	"RM"	"OP"	0.017	10.103	0	0	10.103
"522"	"batch9"	"BAH37_RM"	"HZ37"	"RM"	"BALF"	0.017	10.083	0	0	10.083
"523"	"Batch5"	"OPL04_P"	"LG04"	"P"	"OP"	0.017	9.99	0	0	9.99
"524"	"batch8"	"BAH32_H"	"HZ32"	"H"	"BALF"	0.017	9.955	0.194	116.434	126.389
"525"	""	"OPHNC2"	"HZNC2"	"R"	"OPNC"	0.017	9.953	0	0	9.953
"526"	""	"OPNC3_W"	"NC3"	"W"	"OPNC"	0.016	9.867	0	0	9.867
"527"	"batch3"	"BALNC1"	"LGNC1"	"R"	"BANC"	0.016	9.725	0	0	9.725
"528"	"batch5"	"BAH21_M"	"HZ21"	"M"	"BALF"	0.016	9.706	7.157	4294.22	4303.926
"529"	"batch9"	"BANC3_RM"	"NC3"	"RM"	"BANC"	0.016	9.676	0	0	9.676
"530"	"batch9"	"BANC3_W"	"NC3"	"W"	"BANC"	0.016	9.676	0	0	9.676
"531"	"batch6"	"BAH22_S"	"HZ22"	"S"	"BALF"	0.015	9.298	0.128	76.608	85.907
"532"	""	"OPLNC10"	"LGNC10"	"R"	"OPNC"	0.015	8.94	0	0	8.94
"533"	"batch9"	"BAH35_RM"	"HZ35"	"RM"	"BALF"	0.015	8.794	0.882	529.404	538.198
"534"	"batch8"	"BAH32_F"	"HZ32"	"Fil"	"BALF"	0.014	8.539	0	0	8.539
"535"	""	"OPNC1_R"	"NC1"	"R"	"OPNC"	0.014	8.52	0.181	108.884	117.405
"536"	"batch9"	"BALNC5"	"LGNC5"	"R"	"BANC"	0.014	8.425	0	0	8.425
"537"	"Batch5"	"OPL01_P"	"LG01"	"P"	"OP"	0.014	8.385	0	0	8.385
"538"	"batch14"	"OPH35_R"	"HZ35"	"R"	"OP"	0.014	8.31	10.745	6446.974	6455.284
"539"	"batch9"	"BALNC7"	"LGNC7"	"R"	"BANC"	0.014	8.228	0	0	8.228
"540"	""	"OPNC3_S"	"NC3"	"S"	"OPNC"	0.014	8.168	0	0	8.168
"541"	"batch9"	"BAH35_M"	"HZ35"	"M"	"BALF"	0.014	8.101	0.353	211.753	219.854
"542"	"batch3"	"BANC1_S"	"NC1"	"S"	"BANC"	0.013	7.866	0	0	7.866
"543"	""	"OPNC3_M"	"NC3"	"M"	"OPNC"	0.013	7.739	0	0	7.739
"544"	""	"OPNC2_F"	"NC2"	"F"	"OPNC"	0.013	7.718	0	0	7.718
"545"	""	"OPNC2_RM"	"NC2"	"RM"	"OPNC"	0.013	7.718	0	0	7.718
"546"	"Batch1"	"OPL03_P"	"LG03"	"P"	"OP"	0.013	7.694	0	0	7.694
"547"	""	"OPLNC5"	"LGNC5"	"R"	"OPNC"	0.013	7.673	0	0	7.673
"548"	"batch9"	"BAH35_S"	"HZ35"	"S"	"BALF"	0.013	7.668	0	0	7.668
"549"	""	"OPLNC9"	"LGNC9"	"R"	"OPNC"	0.013	7.618	0	0	7.618
"550"	"batch4"	"BANC2_M"	"NC2"	"M"	"BANC"	0.013	7.555	0	0	7.555
"551"	"batch4"	"BAL16_RM"	"LG16"	"RM"	"BALF"	0.013	7.549	297.787	178672.4	178679.949
"552"	"batch14"	"OPH37_W"	"HZ37"	"W"	"OP"	0.012	7.468	0	0	7.468
"553"	"batch1"	"BAL03_S"	"LG03"	"S"	"BALF"	0.012	7.262	0	0	7.262
"554"	"batch9"	"BANC3_P"	"NC3"	"P"	"BANC"	0.012	7.026	0	0	7.026
"555"	"batch3"	"BALNC2"	"LGNC2"	"R"	"BANC"	0.012	7.001	0	0	7.001
"556"	""	"OPNC2_W"	"NC2"	"W"	"OPNC"	0.011	6.725	0	0	6.725
"557"	""	"OPHNC1"	"HZNC1"	"R"	"OPNC"	0.011	6.503	0	0	6.503
"558"	"batch10"	"BAH34_H"	"HZ34"	"H"	"BALF"	0.011	6.358	0	0	6.358
"559"	"batch8"	"BAH32_RM"	"HZ32"	"RM"	"BALF"	0.011	6.348	0.156	93.487	99.835
"560"	"batch14"	"OPH37_H"	"HZ37"	"H"	"OP"	0.01	6.26	0	0	6.26
"561"	"batch10"	"BAH34_P"	"HZ34"	"P"	"BALF"	0.01	6.203	4.7	2819.962	2826.165
"562"	"batch9"	"BALNC8"	"LGNC8"	"R"	"BANC"	0.01	6.012	0	0	6.012
"563"	"batch1"	"BANC1_H"	"NC1"	"H"	"BANC"	0.01	5.978	0	0	5.978
"564"	"Batch1"	"OPL03_H"	"LG03"	"H"	"OP"	0.012	5.947	0	0	5.947
"565"	"batch3"	"BAL12_F"	"LG12"	"Fil"	"BALF"	0.01	5.81	84.82	50891.948	50897.758
"566"	"batch5"	"BAH21_W"	"HZ21"	"W"	"BALF"	0.01	5.724	3.86	2316.226	2321.95
"567"	"batch1"	"BANC1_M"	"NC1"	"M"	"BANC"	0.009	5.615	0	0	5.615
"568"	""	"OPNC1_M"	"NC1"	"M"	"OPNC"	0.009	5.497	0	0	5.497
"569"	"batch2"	"BANC1_P"	"NC1"	"P"	"BANC"	0.009	5.481	0	0	5.481
"570"	""	"OPNC1_W"	"NC1"	"W"	"OPNC"	0.009	5.435	0	0	5.435
"571"	"batch14"	"OPH35_P"	"HZ35"	"P"	"OP"	0.009	5.423	0.206	123.717	129.14
"572"	"batch4"	"BANC2_H"	"NC2"	"H"	"BANC"	0.009	5.419	0	0	5.419
"573"	""	"OPLNC6"	"LGNC6"	"R"	"OPNC"	0.008	5.009	0	0	5.009
"574"	"batch6"	"BAH22_W"	"HZ22"	"W"	"BALF"	0.008	4.951	0.213	127.658	132.609
"575"	"Batch1"	"OPL01_F"	"LG01"	"Fil"	"OP"	0.006	4.682	0	0	4.682
"576"	""	"OPLNC3"	"LGNC3"	"R"	"OPNC"	0.008	4.59	0	0	4.59
"577"	"batch6"	"BAH22_H"	"HZ22"	"H"	"BALF"	0.007	4.497	0.899	539.686	544.184
"578"	"batch5"	"BANC2S"	"NC2S"	"S"	"BANC"	0.007	4.426	0	0	4.426
"579"	"batch6"	"BAHNC3"	"HZNC3"	"R"	"BANC"	0.007	4.294	0	0	4.294
"580"	""	"OPNC2_P"	"NC2"	"P"	"OPNC"	0.007	4.106	0	0	4.106
"581"	"Batch1"	"OPL03_W"	"LG03"	"W"	"OP"	0.007	4.066	0	0	4.066
"582"	"batch9"	"BAH35_R"	"HZ35"	"R"	"BALF"	0.007	4.064	1100.612	660367.13	660371.194
"583"	""	"OPLNC2"	"LGNC2"	"R"	"OPNC"	0.007	4.029	0	0	4.029
"584"	"Batch3"	"OPL11_P"	"LG11"	"P"	"OP"	0.007	3.929	0	0	3.929
"585"	"batch10"	"BAH35_W"	"HZ35"	"W"	"BALF"	0.007	3.902	0	0	3.902
"586"	"batch4"	"BAL16_M"	"LG16"	"M"	"BALF"	0.006	3.808	32.99	19794.201	19798.008
"587"	"batch6"	"BANC2RM"	"NC2W"	"RM"	"BANC"	0.006	3.58	0	0	3.58
"588"	"batch6"	"BANC2W"	"NC2W"	"W"	"BANC"	0.006	3.58	0	0	3.58
"589"	"batch5"	"BANC2F"	"NC2F"	"F"	"BANC"	0.006	3.513	0	0	3.513
"590"	"batch7"	"BANC3_M"	"NC3"	"M"	"BANC"	0.005	3.296	0	0	3.296
"591"	"batch2"	"BANC1_RM"	"NC1"	"RM"	"BANC"	0.005	3.237	0	0	3.237
"592"	"batch2"	"BANC1_W"	"NC1"	"W"	"BANC"	0.005	3.237	0	0	3.237
"593"	"batch2"	"BANC1_W/RM"	"NC1"	"NC"	"BALF"	0.005	3.237	0	0	3.237
"594"	""	"OPLNC4"	"LGNC4"	"R"	"OPNC"	0.005	3.102	0	0	3.102
"595"	"batch8"	"BAH32_W"	"HZ32"	"W"	"BALF"	0.005	3.096	0	0	3.096
"596"	"batch10"	"BAH37_S"	"HZ37"	"S"	"BALF"	0.005	3.071	0	0	3.071
"597"	"batch14"	"OPH35_S"	"HZ35"	"S"	"OP"	0.005	2.755	0	0	2.755
"598"	"batch8"	"BANC3_S"	"NC3"	"S"	"BANC"	0.005	2.726	0	0	2.726
"599"	"Batch1"	"OPL01_S"	"LG01"	"S"	"OP"	0.004	2.611	0	0	2.611
"600"	"batch6"	"BANC2P"	"NC2P"	"P"	"BANC"	0.004	2.49	0	0	2.49
"601"	"batch8"	"BANC3_F"	"NC3"	"F"	"BANC"	0.004	2.384	0	0	2.384
"602"	"batch8"	"BAH32_S"	"HZ32"	"S"	"BALF"	0.004	2.357	0	0	2.357
"603"	"batch9"	"BAH37_P"	"HZ37"	"P"	"BALF"	0.004	2.346	394.354	236612.544	236614.891
"604"	"batch8"	"BAH32_M"	"HZ32"	"M"	"BALF"	0.004	2.259	0.394	236.288	238.547
"605"	"Batch1"	"OPL01_W"	"LG01"	"W"	"OP"	0.004	2.206	0	0	2.206
"606"	""	"OPNC1_F"	"NC1"	"F"	"OPNC"	0.004	2.191	0.251	150.498	152.689
"607"	"batch6"	"BAHNC4"	"HZNC4"	"R"	"BANC"	0.003	1.774	0	0	1.774
"608"	""	"OPLNC1"	"NC1"	"R"	"OPNC"	0.003	1.59	0	0	1.59
"609"	""	"OPNC1_P"	"NC1"	"P"	"OPNC"	0.003	1.59	0	0	1.59
"610"	"batch10"	"BAH32_P"	"HZ32"	"P"	"BALF"	0.002	1.13	4.985	2991.172	2992.301
"611"	"batch9"	"BAH35_P"	"HZ35"	"P"	"BALF"	0.002	1.009	46.651	27990.801	27991.809
"612"	"batch8"	"BAH32_R"	"HZ32"	"R"	"BALF"	0	0.127	282.611	169566.501	169566.628
"613"	""	"BAH6"	"HZNC6"	"R"	"BANC"	0	0	0	0	0
"614"	""	"BAH9"	"HZNC9"	"R"	"BANC"	0	0	0	0	0
"615"	""	"BAHNC10"	"HZNC10"	"R"	"BANC"	0	0	0	0	0
"616"	""	"OPHNC7"	"HZNC7"	"R"	"OPNC"	0	0	0	0	0
"617"	""	"OPHNC8"	"HZNC8"	"R"	"OPNC"	0	0	0	0	0
