"subject"	"species"	"sample_type"	"strain"
"7"	"HZ20"	"Rothia.mucilaginosa"	"BA"	"Roth_mucilaginosa_NUM-Rm6536"
"9"	"HZ20"	"Schaalia.odontolytica"	"BA"	"Scha_odontolytica_FDAARGOS_732"
"10"	"HZ20"	"Schaalia.odontolytica"	"BA"	"Scha_odontolytica_XH001"
"12"	"HZ20"	"Streptococcus.oralis"	"BA"	"Stre_oralis_ATCC_10557"
"19"	"HZ20"	"Haemophilus.parainfluenzae"	"OP"	"Haem_parainfluenzae_DSM_8978"
"20"	"HZ20"	"Haemophilus.parainfluenzae"	"OP"	"Haem_parainfluenzae_M1C125_4"
"23"	"HZ20"	"Prevotella.melaninogenica"	"OP"	"Prev_melaninogenica_FDAARGOS_306"
"26"	"HZ20"	"Rothia.mucilaginosa"	"OP"	"Roth_mucilaginosa_NUM-Rm6536"
"27"	"HZ20"	"Rothia.mucilaginosa"	"OP"	"Roth_mucilaginosa_LPB0405"
"29"	"HZ20"	"Schaalia.odontolytica"	"OP"	"Scha_odontolytica_FDAARGOS_732"
"30"	"HZ20"	"Schaalia.odontolytica"	"OP"	"Scha_odontolytica_XH001"
"32"	"HZ20"	"Streptococcus.oralis"	"OP"	"Stre_oralis_ATCC_10557"
"33"	"HZ20"	"Streptococcus.oralis"	"OP"	"Stre_oralis_Uo5"
"34"	"HZ20"	"Streptococcus.oralis"	"OP"	"Stre_oralis_HP01"
"36"	"HZ20"	"Veillonella.parvula"	"OP"	"Veil_parvula_DSM_2007"
"37"	"HZ20"	"Veillonella.parvula"	"OP"	"Veil_parvula_UTDB1-3"
"38"	"HZ20"	"Veillonella.parvula"	"OP"	"Veil_parvula_SKV38"
"39"	"HZ20"	"Veillonella.parvula"	"OP"	"Veil_parvula_NCTC11810"
"40"	"HZ20"	"Veillonella.parvula"	"OP"	"Veil_parvula_HSIVP1"
"43"	"HZ21"	"Enterococcus.faecium"	"BA"	"Ente_faecium_E7067"
"44"	"HZ21"	"Enterococcus.faecium"	"BA"	"Ente_faecium_RBWH1"
"55"	"HZ21"	"Veillonella.parvula"	"BA"	"Veil_parvula_UTDB1-3"
"58"	"HZ21"	"Enterococcus.faecium"	"OP"	"Ente_faecium_E7067"
"59"	"HZ21"	"Enterococcus.faecium"	"OP"	"Ente_faecium_ISMMS_VRE_1"
"60"	"HZ21"	"Enterococcus.faecium"	"OP"	"Ente_faecium_E7471"
"69"	"HZ21"	"Veillonella.atypica"	"OP"	"Veil_atypica_OK5"
"71"	"HZ21"	"Veillonella.dispar"	"OP"	"Veil_dispar_NCTC11831"
"73"	"HZ21"	"Veillonella.parvula"	"OP"	"Veil_parvula_SKV38"
"74"	"HZ21"	"Veillonella.parvula"	"OP"	"Veil_parvula_UTDB1-3"
"75"	"HZ21"	"Veillonella.parvula"	"OP"	"Veil_parvula_HSIVP1"
"76"	"HZ21"	"Veillonella.parvula"	"OP"	"Veil_parvula_DSM_2007"
"84"	"HZ22"	"Rothia.mucilaginosa"	"BA"	"Roth_mucilaginosa_NUM-Rm6536"
"85"	"HZ22"	"Rothia.mucilaginosa"	"BA"	"Roth_mucilaginosa_LPB0405"
"87"	"HZ22"	"Schaalia.odontolytica"	"BA"	"Scha_odontolytica_FDAARGOS_732"
"92"	"HZ22"	"Veillonella.parvula"	"BA"	"Veil_parvula_DSM_2007"
"93"	"HZ22"	"Veillonella.parvula"	"BA"	"Veil_parvula_UTDB1-3"
"100"	"HZ22"	"Prevotella.nigrescens"	"OP"	"Prev_nigrescens_F0109"
"102"	"HZ22"	"Rothia.mucilaginosa"	"OP"	"Roth_mucilaginosa_NUM-Rm6536"
"103"	"HZ22"	"Rothia.mucilaginosa"	"OP"	"Roth_mucilaginosa_LPB0405"
"105"	"HZ22"	"Schaalia.odontolytica"	"OP"	"Scha_odontolytica_FDAARGOS_732"
"109"	"HZ22"	"Veillonella.dispar"	"OP"	"Veil_dispar_NCTC11831"
"111"	"HZ22"	"Veillonella.parvula"	"OP"	"Veil_parvula_DSM_2007"
"112"	"HZ22"	"Veillonella.parvula"	"OP"	"Veil_parvula_SKV38"
"113"	"HZ22"	"Veillonella.parvula"	"OP"	"Veil_parvula_UTDB1-3"
"114"	"HZ22"	"Veillonella.parvula"	"OP"	"Veil_parvula_NCTC11810"
"115"	"HZ22"	"Veillonella.parvula"	"OP"	"Veil_parvula_HSIVP1"
"121"	"HZ23"	"Prevotella.melaninogenica"	"BA"	"Prev_melaninogenica_F0301"
"125"	"HZ23"	"Schaalia.odontolytica"	"BA"	"Scha_odontolytica_FDAARGOS_732"
"126"	"HZ23"	"Schaalia.odontolytica"	"BA"	"Scha_odontolytica_XH001"
"128"	"HZ23"	"Streptococcus.oralis"	"BA"	"Stre_oralis_S_MIT_ORALIS-351"
"132"	"HZ23"	"Veillonella.parvula"	"BA"	"Veil_parvula_DSM_2007"
"133"	"HZ23"	"Veillonella.parvula"	"BA"	"Veil_parvula_HSIVP1"
"134"	"HZ23"	"Veillonella.parvula"	"BA"	"Veil_parvula_SKV38"
"135"	"HZ23"	"Veillonella.parvula"	"BA"	"Veil_parvula_UTDB1-3"
"136"	"HZ23"	"Veillonella.parvula"	"BA"	"Veil_parvula_NCTC11810"
"142"	"HZ23"	"Prevotella.melaninogenica"	"OP"	"Prev_melaninogenica_F0299"
"143"	"HZ23"	"Prevotella.melaninogenica"	"OP"	"Prev_melaninogenica_F0516"
"147"	"HZ23"	"Schaalia.odontolytica"	"OP"	"Scha_odontolytica_FDAARGOS_732"
"148"	"HZ23"	"Schaalia.odontolytica"	"OP"	"Scha_odontolytica_XH001"
"150"	"HZ23"	"Streptococcus.oralis"	"OP"	"Stre_oralis_S_MIT_ORALIS-351"
"154"	"HZ23"	"Veillonella.parvula"	"OP"	"Veil_parvula_DSM_2007"
"155"	"HZ23"	"Veillonella.parvula"	"OP"	"Veil_parvula_HSIVP1"
"156"	"HZ23"	"Veillonella.parvula"	"OP"	"Veil_parvula_SKV38"
"157"	"HZ23"	"Veillonella.parvula"	"OP"	"Veil_parvula_UTDB1-3"
"158"	"HZ23"	"Veillonella.parvula"	"OP"	"Veil_parvula_NCTC11810"
"164"	"HZ30"	"Prevotella.melaninogenica"	"BA"	"Prev_melaninogenica_FDAARGOS_306"
"165"	"HZ30"	"Prevotella.melaninogenica"	"BA"	"Prev_melaninogenica_GAI_07411"
"168"	"HZ30"	"Rothia.mucilaginosa"	"BA"	"Roth_mucilaginosa_NUM-Rm6536"
"169"	"HZ30"	"Rothia.mucilaginosa"	"BA"	"Roth_mucilaginosa_LPB0405"
"173"	"HZ30"	"Veillonella.atypica"	"BA"	"Veil_atypica_na"
"174"	"HZ30"	"Veillonella.atypica"	"BA"	"Veil_atypica_OK5"
"176"	"HZ30"	"Veillonella.dispar"	"BA"	"Veil_dispar_NCTC11831"
"177"	"HZ30"	"Veillonella.dispar"	"BA"	"Veil_dispar_na"
"179"	"HZ30"	"Veillonella.parvula"	"BA"	"Veil_parvula_DSM_2007"
"180"	"HZ30"	"Veillonella.parvula"	"BA"	"Veil_parvula_UTDB1-3"
"181"	"HZ30"	"Veillonella.parvula"	"BA"	"Veil_parvula_SKV38"
"187"	"HZ30"	"Prevotella.melaninogenica"	"OP"	"Prev_melaninogenica_FDAARGOS_306"
"188"	"HZ30"	"Prevotella.melaninogenica"	"OP"	"Prev_melaninogenica_GAI_07411"
"189"	"HZ30"	"Prevotella.melaninogenica"	"OP"	"Prev_melaninogenica_F0692"
"192"	"HZ30"	"Rothia.mucilaginosa"	"OP"	"Roth_mucilaginosa_NUM-Rm6536"
"193"	"HZ30"	"Rothia.mucilaginosa"	"OP"	"Roth_mucilaginosa_LPB0405"
"195"	"HZ30"	"Schaalia.odontolytica"	"OP"	"Scha_odontolytica_XH001"
"198"	"HZ30"	"Veillonella.atypica"	"OP"	"Veil_atypica_OK5"
"199"	"HZ30"	"Veillonella.atypica"	"OP"	"Veil_atypica_na"
"201"	"HZ30"	"Veillonella.dispar"	"OP"	"Veil_dispar_NCTC11831"
"202"	"HZ30"	"Veillonella.dispar"	"OP"	"Veil_dispar_na"
"204"	"HZ30"	"Veillonella.parvula"	"OP"	"Veil_parvula_DSM_2007"
"205"	"HZ30"	"Veillonella.parvula"	"OP"	"Veil_parvula_UTDB1-3"
"206"	"HZ30"	"Veillonella.parvula"	"OP"	"Veil_parvula_SKV38"
"207"	"HZ30"	"Veillonella.parvula"	"OP"	"Veil_parvula_NCTC11810"
"208"	"HZ30"	"Veillonella.parvula"	"OP"	"Veil_parvula_HSIVP1"
"210"	"HZ31"	"Acinetobacter.baumannii"	"BA"	"Acin_baumannii_AB220-VUB"
"211"	"HZ31"	"Acinetobacter.baumannii"	"BA"	"Acin_baumannii_NCGM_237"
"213"	"HZ31"	"Enterococcus.faecium"	"BA"	"Ente_faecium_SC4"
"225"	"HZ31"	"Acinetobacter.baumannii"	"OP"	"Acin_baumannii_AB220-VUB"
"226"	"HZ31"	"Acinetobacter.baumannii"	"OP"	"Acin_baumannii_XH857"
"228"	"HZ31"	"Enterococcus.faecium"	"OP"	"Ente_faecium_SC4"
"229"	"HZ31"	"Enterococcus.faecium"	"OP"	"Ente_faecium_BP5067"
"235"	"HZ31"	"Rothia.mucilaginosa"	"OP"	"Roth_mucilaginosa_NUM-Rm6536"
"256"	"HZ32"	"Haemophilus.parainfluenzae"	"OP"	"Haem_parainfluenzae_EL1"
"257"	"HZ32"	"Haemophilus.parainfluenzae"	"OP"	"Haem_parainfluenzae_M1C160_1"
"258"	"HZ32"	"Haemophilus.parainfluenzae"	"OP"	"Haem_parainfluenzae_DSM_8978"
"259"	"HZ32"	"Haemophilus.parainfluenzae"	"OP"	"Haem_parainfluenzae_T3T1"
"262"	"HZ32"	"Prevotella.melaninogenica"	"OP"	"Prev_melaninogenica_FDAARGOS_760"
"263"	"HZ32"	"Prevotella.melaninogenica"	"OP"	"Prev_melaninogenica_F0692"
"264"	"HZ32"	"Prevotella.melaninogenica"	"OP"	"Prev_melaninogenica_F0299"
"265"	"HZ32"	"Prevotella.melaninogenica"	"OP"	"Prev_melaninogenica_FDAARGOS_1567"
"267"	"HZ32"	"Prevotella.nigrescens"	"OP"	"Prev_nigrescens_F0103"
"268"	"HZ32"	"Prevotella.nigrescens"	"OP"	"Prev_nigrescens_F0109"
"269"	"HZ32"	"Prevotella.nigrescens"	"OP"	"Prev_nigrescens_F0630"
"270"	"HZ32"	"Prevotella.nigrescens"	"OP"	"Prev_nigrescens_DSM_13386"
"272"	"HZ32"	"Rothia.mucilaginosa"	"OP"	"Roth_mucilaginosa_NUM-Rm6536"
"273"	"HZ32"	"Rothia.mucilaginosa"	"OP"	"Roth_mucilaginosa_LPB0405"
"275"	"HZ32"	"Schaalia.odontolytica"	"OP"	"Scha_odontolytica_FDAARGOS_732"
"276"	"HZ32"	"Schaalia.odontolytica"	"OP"	"Scha_odontolytica_KHUD_008"
"277"	"HZ32"	"Schaalia.odontolytica"	"OP"	"Scha_odontolytica_XH001"
"280"	"HZ32"	"Veillonella.parvula"	"OP"	"Veil_parvula_DSM_2007"
"281"	"HZ32"	"Veillonella.parvula"	"OP"	"Veil_parvula_UTDB1-3"
"282"	"HZ32"	"Veillonella.parvula"	"OP"	"Veil_parvula_SKV38"
"283"	"HZ32"	"Veillonella.parvula"	"OP"	"Veil_parvula_NCTC11810"
"284"	"HZ32"	"Veillonella.parvula"	"OP"	"Veil_parvula_HSIVP1"
"288"	"HZ33"	"Haemophilus.parainfluenzae"	"BA"	"Haem_parainfluenzae_M1C160_1"
"289"	"HZ33"	"Haemophilus.parainfluenzae"	"BA"	"Haem_parainfluenzae_DSM_8978"
"292"	"HZ33"	"Prevotella.melaninogenica"	"BA"	"Prev_melaninogenica_FDAARGOS_760"
"293"	"HZ33"	"Prevotella.melaninogenica"	"BA"	"Prev_melaninogenica_GAI_07411"
"294"	"HZ33"	"Prevotella.melaninogenica"	"BA"	"Prev_melaninogenica_FDAARGOS_306"
"296"	"HZ33"	"Prevotella.nigrescens"	"BA"	"Prev_nigrescens_F0103"
"297"	"HZ33"	"Prevotella.nigrescens"	"BA"	"Prev_nigrescens_F0630"
"298"	"HZ33"	"Prevotella.nigrescens"	"BA"	"Prev_nigrescens_F0109"
"300"	"HZ33"	"Rothia.mucilaginosa"	"BA"	"Roth_mucilaginosa_NUM-Rm6536"
"302"	"HZ33"	"Schaalia.odontolytica"	"BA"	"Scha_odontolytica_KHUD_008"
"303"	"HZ33"	"Schaalia.odontolytica"	"BA"	"Scha_odontolytica_XH001"
"305"	"HZ33"	"Streptococcus.oralis"	"BA"	"Stre_oralis_SOT"
"306"	"HZ33"	"Streptococcus.oralis"	"BA"	"Stre_oralis_FDAARGOS_367"
"307"	"HZ33"	"Streptococcus.oralis"	"BA"	"Stre_oralis_HP01"
"309"	"HZ33"	"Veillonella.parvula"	"BA"	"Veil_parvula_NCTC11810"
"310"	"HZ33"	"Veillonella.parvula"	"BA"	"Veil_parvula_SKV38"
"314"	"HZ34"	"Haemophilus.parainfluenzae"	"BA"	"Haem_parainfluenzae_M1C160_1"
"316"	"HZ34"	"Mycoplasma.pneumoniae"	"BA"	"Myco_pneumoniae_M29"
"318"	"HZ34"	"Prevotella.melaninogenica"	"BA"	"Prev_melaninogenica_GAI_07411"
"321"	"HZ34"	"Rothia.mucilaginosa"	"BA"	"Roth_mucilaginosa_NUM-Rm6536"
"322"	"HZ34"	"Rothia.mucilaginosa"	"BA"	"Roth_mucilaginosa_LPB0405"
"324"	"HZ34"	"Schaalia.odontolytica"	"BA"	"Scha_odontolytica_FDAARGOS_732"
"332"	"HZ34"	"Haemophilus.parainfluenzae"	"OP"	"Haem_parainfluenzae_M1C160_1"
"335"	"HZ34"	"Prevotella.melaninogenica"	"OP"	"Prev_melaninogenica_GAI_07411"
"338"	"HZ34"	"Rothia.mucilaginosa"	"OP"	"Roth_mucilaginosa_NUM-Rm6536"
"339"	"HZ34"	"Rothia.mucilaginosa"	"OP"	"Roth_mucilaginosa_LPB0405"
"340"	"HZ34"	"Rothia.mucilaginosa"	"OP"	"Roth_mucilaginosa_DY-18"
"341"	"HZ34"	"Rothia.mucilaginosa"	"OP"	"Roth_mucilaginosa_na"
"342"	"HZ34"	"Rothia.mucilaginosa"	"OP"	"Roth_mucilaginosa_FDAARGOS_369"
"344"	"HZ34"	"Schaalia.odontolytica"	"OP"	"Scha_odontolytica_FDAARGOS_732"
"349"	"HZ34"	"Veillonella.parvula"	"OP"	"Veil_parvula_DSM_2007"
"350"	"HZ34"	"Veillonella.parvula"	"OP"	"Veil_parvula_NCTC11810"
"351"	"HZ34"	"Veillonella.parvula"	"OP"	"Veil_parvula_SKV38"
"374"	"HZ35"	"Veillonella.atypica"	"OP"	"Veil_atypica_na"
"375"	"HZ35"	"Veillonella.atypica"	"OP"	"Veil_atypica_OK5"
"378"	"HZ35"	"Veillonella.parvula"	"OP"	"Veil_parvula_DSM_2007"
"379"	"HZ35"	"Veillonella.parvula"	"OP"	"Veil_parvula_UTDB1-3"
"380"	"HZ35"	"Veillonella.parvula"	"OP"	"Veil_parvula_NCTC11810"
"381"	"HZ35"	"Veillonella.parvula"	"OP"	"Veil_parvula_SKV38"
"382"	"HZ35"	"Veillonella.parvula"	"OP"	"Veil_parvula_HSIVP1"
"390"	"HZ36"	"Rothia.mucilaginosa"	"BA"	"Roth_mucilaginosa_NUM-Rm6536"
"393"	"HZ36"	"Streptococcus.oralis"	"BA"	"Stre_oralis_FDAARGOS_367"
"396"	"HZ36"	"Veillonella.dispar"	"BA"	"Veil_dispar_NCTC11831"
"397"	"HZ36"	"Veillonella.dispar"	"BA"	"Veil_dispar_na"
"399"	"HZ36"	"Veillonella.parvula"	"BA"	"Veil_parvula_UTDB1-3"
"400"	"HZ36"	"Veillonella.parvula"	"BA"	"Veil_parvula_DSM_2007"
"401"	"HZ36"	"Veillonella.parvula"	"BA"	"Veil_parvula_SKV38"
"405"	"HZ36"	"Haemophilus.parainfluenzae"	"OP"	"Haem_parainfluenzae_M1C147_1"
"410"	"HZ36"	"Rothia.mucilaginosa"	"OP"	"Roth_mucilaginosa_NUM-Rm6536"
"413"	"HZ36"	"Streptococcus.oralis"	"OP"	"Stre_oralis_FDAARGOS_367"
"415"	"HZ36"	"Veillonella.atypica"	"OP"	"Veil_atypica_na"
"416"	"HZ36"	"Veillonella.atypica"	"OP"	"Veil_atypica_OK5"
"418"	"HZ36"	"Veillonella.dispar"	"OP"	"Veil_dispar_NCTC11831"
"419"	"HZ36"	"Veillonella.dispar"	"OP"	"Veil_dispar_na"
"421"	"HZ36"	"Veillonella.parvula"	"OP"	"Veil_parvula_UTDB1-3"
"422"	"HZ36"	"Veillonella.parvula"	"OP"	"Veil_parvula_DSM_2007"
"423"	"HZ36"	"Veillonella.parvula"	"OP"	"Veil_parvula_SKV38"
"431"	"HZ37"	"Rothia.mucilaginosa"	"BA"	"Roth_mucilaginosa_CECT30005"
"440"	"HZ37"	"Haemophilus.parainfluenzae"	"OP"	"Haem_parainfluenzae_M1C137_2"
"443"	"HZ37"	"Prevotella.melaninogenica"	"OP"	"Prev_melaninogenica_F0299"
"446"	"HZ37"	"Rothia.mucilaginosa"	"OP"	"Roth_mucilaginosa_CECT30005"
"448"	"HZ37"	"Schaalia.odontolytica"	"OP"	"Scha_odontolytica_XH001"
"453"	"HZ37"	"Veillonella.parvula"	"OP"	"Veil_parvula_SKV38"
"462"	"LG01"	"Schaalia.odontolytica"	"BA"	"Scha_odontolytica_KHUD_008"
"465"	"LG01"	"Veillonella.atypica"	"BA"	"Veil_atypica_OK5"
"466"	"LG01"	"Veillonella.atypica"	"BA"	"Veil_atypica_na"
"468"	"LG01"	"Veillonella.dispar"	"BA"	"Veil_dispar_NCTC11831"
"469"	"LG01"	"Veillonella.dispar"	"BA"	"Veil_dispar_na"
"471"	"LG01"	"Veillonella.parvula"	"BA"	"Veil_parvula_UTDB1-3"
"472"	"LG01"	"Veillonella.parvula"	"BA"	"Veil_parvula_HSIVP1"
"473"	"LG01"	"Veillonella.parvula"	"BA"	"Veil_parvula_DSM_2007"
"474"	"LG01"	"Veillonella.parvula"	"BA"	"Veil_parvula_SKV38"
"475"	"LG01"	"Veillonella.parvula"	"BA"	"Veil_parvula_NCTC11810"
"484"	"LG01"	"Schaalia.odontolytica"	"OP"	"Scha_odontolytica_XH001"
"485"	"LG01"	"Schaalia.odontolytica"	"OP"	"Scha_odontolytica_KHUD_008"
"488"	"LG01"	"Veillonella.atypica"	"OP"	"Veil_atypica_OK5"
"489"	"LG01"	"Veillonella.atypica"	"OP"	"Veil_atypica_na"
"491"	"LG01"	"Veillonella.dispar"	"OP"	"Veil_dispar_NCTC11831"
"492"	"LG01"	"Veillonella.dispar"	"OP"	"Veil_dispar_na"
"494"	"LG01"	"Veillonella.parvula"	"OP"	"Veil_parvula_UTDB1-3"
"495"	"LG01"	"Veillonella.parvula"	"OP"	"Veil_parvula_HSIVP1"
"496"	"LG01"	"Veillonella.parvula"	"OP"	"Veil_parvula_DSM_2007"
"500"	"LG02"	"Haemophilus.parainfluenzae"	"BA"	"Haem_parainfluenzae_M1C160_1"
"505"	"LG02"	"Rothia.mucilaginosa"	"BA"	"Roth_mucilaginosa_LPB0405"
"506"	"LG02"	"Rothia.mucilaginosa"	"BA"	"Roth_mucilaginosa_NUM-Rm6536"
"511"	"LG02"	"Veillonella.dispar"	"BA"	"Veil_dispar_NCTC11831"
"512"	"LG02"	"Veillonella.dispar"	"BA"	"Veil_dispar_na"
"514"	"LG02"	"Veillonella.parvula"	"BA"	"Veil_parvula_DSM_2007"
"518"	"LG02"	"Haemophilus.parainfluenzae"	"OP"	"Haem_parainfluenzae_M1C160_1"
"519"	"LG02"	"Haemophilus.parainfluenzae"	"OP"	"Haem_parainfluenzae_M1C152_1"
"520"	"LG02"	"Haemophilus.parainfluenzae"	"OP"	"Haem_parainfluenzae_M1C142_1"
"523"	"LG02"	"Prevotella.melaninogenica"	"OP"	"Prev_melaninogenica_FDAARGOS_306"
"524"	"LG02"	"Prevotella.melaninogenica"	"OP"	"Prev_melaninogenica_GAI_07411"
"525"	"LG02"	"Prevotella.melaninogenica"	"OP"	"Prev_melaninogenica_FDAARGOS_1567"
"526"	"LG02"	"Prevotella.melaninogenica"	"OP"	"Prev_melaninogenica_F0692"
"529"	"LG02"	"Rothia.mucilaginosa"	"OP"	"Roth_mucilaginosa_NUM-Rm6536"
"530"	"LG02"	"Rothia.mucilaginosa"	"OP"	"Roth_mucilaginosa_LPB0405"
"532"	"LG02"	"Schaalia.odontolytica"	"OP"	"Scha_odontolytica_XH001"
"535"	"LG02"	"Veillonella.parvula"	"OP"	"Veil_parvula_DSM_2007"
"536"	"LG02"	"Veillonella.parvula"	"OP"	"Veil_parvula_UTDB1-3"
"540"	"LG03"	"Haemophilus.parainfluenzae"	"BA"	"Haem_parainfluenzae_M1C130_2"
"543"	"LG03"	"Prevotella.melaninogenica"	"BA"	"Prev_melaninogenica_FDAARGOS_306"
"546"	"LG03"	"Rothia.mucilaginosa"	"BA"	"Roth_mucilaginosa_NUM-Rm6536"
"550"	"LG03"	"Veillonella.atypica"	"BA"	"Veil_atypica_OK5"
"551"	"LG03"	"Veillonella.atypica"	"BA"	"Veil_atypica_na"
"553"	"LG03"	"Veillonella.dispar"	"BA"	"Veil_dispar_NCTC11831"
"554"	"LG03"	"Veillonella.dispar"	"BA"	"Veil_dispar_na"
"556"	"LG03"	"Veillonella.parvula"	"BA"	"Veil_parvula_DSM_2007"
"557"	"LG03"	"Veillonella.parvula"	"BA"	"Veil_parvula_NCTC11810"
"558"	"LG03"	"Veillonella.parvula"	"BA"	"Veil_parvula_HSIVP1"
"559"	"LG03"	"Veillonella.parvula"	"BA"	"Veil_parvula_UTDB1-3"
"560"	"LG03"	"Veillonella.parvula"	"BA"	"Veil_parvula_SKV38"
"564"	"LG03"	"Haemophilus.parainfluenzae"	"OP"	"Haem_parainfluenzae_M1C142_1"
"567"	"LG03"	"Prevotella.melaninogenica"	"OP"	"Prev_melaninogenica_FDAARGOS_306"
"570"	"LG03"	"Rothia.mucilaginosa"	"OP"	"Roth_mucilaginosa_NUM-Rm6536"
"574"	"LG03"	"Veillonella.atypica"	"OP"	"Veil_atypica_OK5"
"575"	"LG03"	"Veillonella.atypica"	"OP"	"Veil_atypica_na"
"577"	"LG03"	"Veillonella.dispar"	"OP"	"Veil_dispar_NCTC11831"
"578"	"LG03"	"Veillonella.dispar"	"OP"	"Veil_dispar_na"
"580"	"LG03"	"Veillonella.parvula"	"OP"	"Veil_parvula_DSM_2007"
"581"	"LG03"	"Veillonella.parvula"	"OP"	"Veil_parvula_NCTC11810"
"582"	"LG03"	"Veillonella.parvula"	"OP"	"Veil_parvula_UTDB1-3"
"586"	"LG04"	"Haemophilus.parainfluenzae"	"BA"	"Haem_parainfluenzae_M1C160_1"
"588"	"LG04"	"Mycoplasma.pneumoniae"	"BA"	"Myco_pneumoniae_M29"
"590"	"LG04"	"Prevotella.melaninogenica"	"BA"	"Prev_melaninogenica_FDAARGOS_306"
"591"	"LG04"	"Prevotella.melaninogenica"	"BA"	"Prev_melaninogenica_F0692"
"594"	"LG04"	"Rothia.mucilaginosa"	"BA"	"Roth_mucilaginosa_NUM-Rm6536"
"598"	"LG04"	"Veillonella.atypica"	"BA"	"Veil_atypica_na"
"599"	"LG04"	"Veillonella.atypica"	"BA"	"Veil_atypica_OK5"
"601"	"LG04"	"Veillonella.dispar"	"BA"	"Veil_dispar_NCTC11831"
"602"	"LG04"	"Veillonella.dispar"	"BA"	"Veil_dispar_na"
"604"	"LG04"	"Veillonella.parvula"	"BA"	"Veil_parvula_UTDB1-3"
"605"	"LG04"	"Veillonella.parvula"	"BA"	"Veil_parvula_NCTC11810"
"606"	"LG04"	"Veillonella.parvula"	"BA"	"Veil_parvula_HSIVP1"
"610"	"LG04"	"Haemophilus.parainfluenzae"	"OP"	"Haem_parainfluenzae_M1C160_1"
"613"	"LG04"	"Prevotella.melaninogenica"	"OP"	"Prev_melaninogenica_FDAARGOS_306"
"619"	"LG04"	"Veillonella.atypica"	"OP"	"Veil_atypica_na"
"620"	"LG04"	"Veillonella.atypica"	"OP"	"Veil_atypica_OK5"
"622"	"LG04"	"Veillonella.dispar"	"OP"	"Veil_dispar_NCTC11831"
"624"	"LG04"	"Veillonella.parvula"	"OP"	"Veil_parvula_HSIVP1"
"628"	"LG05"	"Haemophilus.parainfluenzae"	"BA"	"Haem_parainfluenzae_M1C149_1"
"631"	"LG05"	"Prevotella.melaninogenica"	"BA"	"Prev_melaninogenica_FDAARGOS_306"
"632"	"LG05"	"Prevotella.melaninogenica"	"BA"	"Prev_melaninogenica_F0692"
"634"	"LG05"	"Prevotella.nigrescens"	"BA"	"Prev_nigrescens_F0109"
"636"	"LG05"	"Rothia.mucilaginosa"	"BA"	"Roth_mucilaginosa_NUM-Rm6536"
"637"	"LG05"	"Rothia.mucilaginosa"	"BA"	"Roth_mucilaginosa_LPB0405"
"639"	"LG05"	"Schaalia.odontolytica"	"BA"	"Scha_odontolytica_XH001"
"642"	"LG05"	"Veillonella.atypica"	"BA"	"Veil_atypica_OK5"
"643"	"LG05"	"Veillonella.atypica"	"BA"	"Veil_atypica_na"
"645"	"LG05"	"Veillonella.dispar"	"BA"	"Veil_dispar_NCTC11831"
"647"	"LG05"	"Veillonella.parvula"	"BA"	"Veil_parvula_DSM_2007"
"648"	"LG05"	"Veillonella.parvula"	"BA"	"Veil_parvula_SKV38"
"649"	"LG05"	"Veillonella.parvula"	"BA"	"Veil_parvula_UTDB1-3"
"650"	"LG05"	"Veillonella.parvula"	"BA"	"Veil_parvula_NCTC11810"
"651"	"LG05"	"Veillonella.parvula"	"BA"	"Veil_parvula_HSIVP1"
"655"	"LG05"	"Haemophilus.parainfluenzae"	"OP"	"Haem_parainfluenzae_M1C149_1"
"658"	"LG05"	"Prevotella.melaninogenica"	"OP"	"Prev_melaninogenica_FDAARGOS_306"
"659"	"LG05"	"Prevotella.melaninogenica"	"OP"	"Prev_melaninogenica_F0692"
"660"	"LG05"	"Prevotella.melaninogenica"	"OP"	"Prev_melaninogenica_GAI_07411"
"661"	"LG05"	"Prevotella.melaninogenica"	"OP"	"Prev_melaninogenica_FDAARGOS_1567"
"663"	"LG05"	"Prevotella.nigrescens"	"OP"	"Prev_nigrescens_F0109"
"664"	"LG05"	"Prevotella.nigrescens"	"OP"	"Prev_nigrescens_F0630"
"666"	"LG05"	"Rothia.mucilaginosa"	"OP"	"Roth_mucilaginosa_NUM-Rm6536"
"667"	"LG05"	"Rothia.mucilaginosa"	"OP"	"Roth_mucilaginosa_LPB0405"
"669"	"LG05"	"Schaalia.odontolytica"	"OP"	"Scha_odontolytica_FDAARGOS_732"
"670"	"LG05"	"Schaalia.odontolytica"	"OP"	"Scha_odontolytica_XH001"
"673"	"LG05"	"Veillonella.parvula"	"OP"	"Veil_parvula_DSM_2007"
"674"	"LG05"	"Veillonella.parvula"	"OP"	"Veil_parvula_SKV38"
"675"	"LG05"	"Veillonella.parvula"	"OP"	"Veil_parvula_UTDB1-3"
"676"	"LG05"	"Veillonella.parvula"	"OP"	"Veil_parvula_NCTC11810"
"677"	"LG05"	"Veillonella.parvula"	"OP"	"Veil_parvula_HSIVP1"
"681"	"LG07"	"Haemophilus.parainfluenzae"	"BA"	"Haem_parainfluenzae_M1C160_1"
"686"	"LG07"	"Rothia.mucilaginosa"	"BA"	"Roth_mucilaginosa_NUM-Rm6536"
"687"	"LG07"	"Rothia.mucilaginosa"	"BA"	"Roth_mucilaginosa_LPB0405"
"689"	"LG07"	"Schaalia.odontolytica"	"BA"	"Scha_odontolytica_FDAARGOS_732"
"697"	"LG07"	"Haemophilus.parainfluenzae"	"OP"	"Haem_parainfluenzae_M1C160_1"
"698"	"LG07"	"Haemophilus.parainfluenzae"	"OP"	"Haem_parainfluenzae_M1C152_1"
"701"	"LG07"	"Prevotella.melaninogenica"	"OP"	"Prev_melaninogenica_GAI_07411"
"702"	"LG07"	"Prevotella.melaninogenica"	"OP"	"Prev_melaninogenica_F0301"
"703"	"LG07"	"Prevotella.melaninogenica"	"OP"	"Prev_melaninogenica_FDAARGOS_306"
"704"	"LG07"	"Prevotella.melaninogenica"	"OP"	"Prev_melaninogenica_F0516"
"707"	"LG07"	"Rothia.mucilaginosa"	"OP"	"Roth_mucilaginosa_NUM-Rm6536"
"708"	"LG07"	"Rothia.mucilaginosa"	"OP"	"Roth_mucilaginosa_LPB0405"
"710"	"LG07"	"Schaalia.odontolytica"	"OP"	"Scha_odontolytica_FDAARGOS_732"
"711"	"LG07"	"Schaalia.odontolytica"	"OP"	"Scha_odontolytica_XH001"
"714"	"LG07"	"Veillonella.parvula"	"OP"	"Veil_parvula_NCTC11810"
"715"	"LG07"	"Veillonella.parvula"	"OP"	"Veil_parvula_DSM_2007"
"716"	"LG07"	"Veillonella.parvula"	"OP"	"Veil_parvula_SKV38"
"720"	"LG09"	"Haemophilus.parainfluenzae"	"BA"	"Haem_parainfluenzae_M1C160_1"
"721"	"LG09"	"Haemophilus.parainfluenzae"	"BA"	"Haem_parainfluenzae_EL1"
"723"	"LG09"	"Mycoplasma.pneumoniae"	"BA"	"Myco_pneumoniae_K27"
"725"	"LG09"	"Prevotella.melaninogenica"	"BA"	"Prev_melaninogenica_FDAARGOS_306"
"726"	"LG09"	"Prevotella.melaninogenica"	"BA"	"Prev_melaninogenica_FDAARGOS_1567"
"729"	"LG09"	"Rothia.mucilaginosa"	"BA"	"Roth_mucilaginosa_CECT30005"
"730"	"LG09"	"Rothia.mucilaginosa"	"BA"	"Roth_mucilaginosa_LPB0405"
"732"	"LG09"	"Schaalia.odontolytica"	"BA"	"Scha_odontolytica_XH001"
"734"	"LG09"	"Streptococcus.oralis"	"BA"	"Stre_oralis_ATCC_10557"
"737"	"LG09"	"Veillonella.dispar"	"BA"	"Veil_dispar_NCTC11831"
"738"	"LG09"	"Veillonella.dispar"	"BA"	"Veil_dispar_na"
"743"	"LG09"	"Haemophilus.parainfluenzae"	"OP"	"Haem_parainfluenzae_EL1"
"744"	"LG09"	"Haemophilus.parainfluenzae"	"OP"	"Haem_parainfluenzae_M1C160_1"
"745"	"LG09"	"Haemophilus.parainfluenzae"	"OP"	"Haem_parainfluenzae_M1C152_1"
"748"	"LG09"	"Prevotella.melaninogenica"	"OP"	"Prev_melaninogenica_FDAARGOS_306"
"749"	"LG09"	"Prevotella.melaninogenica"	"OP"	"Prev_melaninogenica_FDAARGOS_1567"
"752"	"LG09"	"Rothia.mucilaginosa"	"OP"	"Roth_mucilaginosa_LPB0405"
"753"	"LG09"	"Rothia.mucilaginosa"	"OP"	"Roth_mucilaginosa_CECT30005"
"755"	"LG09"	"Schaalia.odontolytica"	"OP"	"Scha_odontolytica_XH001"
"757"	"LG09"	"Streptococcus.oralis"	"OP"	"Stre_oralis_NCTC_11427"
"759"	"LG09"	"Veillonella.atypica"	"OP"	"Veil_atypica_na"
"760"	"LG09"	"Veillonella.atypica"	"OP"	"Veil_atypica_OK5"
"762"	"LG09"	"Veillonella.dispar"	"OP"	"Veil_dispar_NCTC11831"
"763"	"LG09"	"Veillonella.dispar"	"OP"	"Veil_dispar_na"
"765"	"LG09"	"Veillonella.parvula"	"OP"	"Veil_parvula_UTDB1-3"
"766"	"LG09"	"Veillonella.parvula"	"OP"	"Veil_parvula_DSM_2007"
"767"	"LG09"	"Veillonella.parvula"	"OP"	"Veil_parvula_HSIVP1"
"771"	"LG10"	"Haemophilus.parainfluenzae"	"BA"	"Haem_parainfluenzae_M1C160_1"
"772"	"LG10"	"Haemophilus.parainfluenzae"	"BA"	"Haem_parainfluenzae_T3T1"
"774"	"LG10"	"Mycoplasma.pneumoniae"	"BA"	"Myco_pneumoniae_M29"
"775"	"LG10"	"Mycoplasma.pneumoniae"	"BA"	"Myco_pneumoniae_M1139"
"777"	"LG10"	"Prevotella.melaninogenica"	"BA"	"Prev_melaninogenica_FDAARGOS_1567"
"778"	"LG10"	"Prevotella.melaninogenica"	"BA"	"Prev_melaninogenica_F0692"
"782"	"LG10"	"Schaalia.odontolytica"	"BA"	"Scha_odontolytica_KHUD_008"
"783"	"LG10"	"Schaalia.odontolytica"	"BA"	"Scha_odontolytica_XH001"
"786"	"LG10"	"Veillonella.atypica"	"BA"	"Veil_atypica_na"
"787"	"LG10"	"Veillonella.atypica"	"BA"	"Veil_atypica_OK5"
"789"	"LG10"	"Veillonella.dispar"	"BA"	"Veil_dispar_NCTC11831"
"790"	"LG10"	"Veillonella.dispar"	"BA"	"Veil_dispar_na"
"792"	"LG10"	"Veillonella.parvula"	"BA"	"Veil_parvula_DSM_2007"
"793"	"LG10"	"Veillonella.parvula"	"BA"	"Veil_parvula_UTDB1-3"
"794"	"LG10"	"Veillonella.parvula"	"BA"	"Veil_parvula_HSIVP1"
"798"	"LG10"	"Haemophilus.parainfluenzae"	"OP"	"Haem_parainfluenzae_M1C160_1"
"799"	"LG10"	"Haemophilus.parainfluenzae"	"OP"	"Haem_parainfluenzae_T3T1"
"802"	"LG10"	"Prevotella.melaninogenica"	"OP"	"Prev_melaninogenica_F0692"
"803"	"LG10"	"Prevotella.melaninogenica"	"OP"	"Prev_melaninogenica_FDAARGOS_1567"
"804"	"LG10"	"Prevotella.melaninogenica"	"OP"	"Prev_melaninogenica_FDAARGOS_306"
"808"	"LG10"	"Schaalia.odontolytica"	"OP"	"Scha_odontolytica_XH001"
"809"	"LG10"	"Schaalia.odontolytica"	"OP"	"Scha_odontolytica_KHUD_008"
"810"	"LG10"	"Schaalia.odontolytica"	"OP"	"Scha_odontolytica_FDAARGOS_732"
"813"	"LG10"	"Veillonella.atypica"	"OP"	"Veil_atypica_OK5"
"814"	"LG10"	"Veillonella.atypica"	"OP"	"Veil_atypica_na"
"816"	"LG10"	"Veillonella.dispar"	"OP"	"Veil_dispar_NCTC11831"
"817"	"LG10"	"Veillonella.dispar"	"OP"	"Veil_dispar_na"
"819"	"LG10"	"Veillonella.parvula"	"OP"	"Veil_parvula_DSM_2007"
"820"	"LG10"	"Veillonella.parvula"	"OP"	"Veil_parvula_HSIVP1"
"821"	"LG10"	"Veillonella.parvula"	"OP"	"Veil_parvula_UTDB1-3"
"829"	"LG11"	"Rothia.mucilaginosa"	"BA"	"Roth_mucilaginosa_NUM-Rm6536"
"834"	"LG11"	"Veillonella.dispar"	"BA"	"Veil_dispar_NCTC11831"
"835"	"LG11"	"Veillonella.dispar"	"BA"	"Veil_dispar_na"
"842"	"LG11"	"Prevotella.melaninogenica"	"OP"	"Prev_melaninogenica_FDAARGOS_306"
"845"	"LG11"	"Rothia.mucilaginosa"	"OP"	"Roth_mucilaginosa_NUM-Rm6536"
"847"	"LG11"	"Schaalia.odontolytica"	"OP"	"Scha_odontolytica_FDAARGOS_732"
"850"	"LG11"	"Veillonella.atypica"	"OP"	"Veil_atypica_OK5"
"852"	"LG11"	"Veillonella.dispar"	"OP"	"Veil_dispar_NCTC11831"
"853"	"LG11"	"Veillonella.dispar"	"OP"	"Veil_dispar_na"
"855"	"LG11"	"Veillonella.parvula"	"OP"	"Veil_parvula_DSM_2007"
"856"	"LG11"	"Veillonella.parvula"	"OP"	"Veil_parvula_UTDB1-3"
"857"	"LG11"	"Veillonella.parvula"	"OP"	"Veil_parvula_SKV38"
"861"	"LG12"	"Haemophilus.parainfluenzae"	"BA"	"Haem_parainfluenzae_M1C125_4"
"862"	"LG12"	"Haemophilus.parainfluenzae"	"BA"	"Haem_parainfluenzae_T3T1"
"864"	"LG12"	"Mycoplasma.pneumoniae"	"BA"	"Myco_pneumoniae_M1139"
"868"	"LG12"	"Rothia.mucilaginosa"	"BA"	"Roth_mucilaginosa_NUM-Rm6536"
"869"	"LG12"	"Rothia.mucilaginosa"	"BA"	"Roth_mucilaginosa_LPB0405"
"871"	"LG12"	"Schaalia.odontolytica"	"BA"	"Scha_odontolytica_XH001"
"874"	"LG12"	"Veillonella.atypica"	"BA"	"Veil_atypica_na"
"875"	"LG12"	"Veillonella.atypica"	"BA"	"Veil_atypica_OK5"
"877"	"LG12"	"Veillonella.dispar"	"BA"	"Veil_dispar_NCTC11831"
"878"	"LG12"	"Veillonella.dispar"	"BA"	"Veil_dispar_na"
"880"	"LG12"	"Veillonella.parvula"	"BA"	"Veil_parvula_DSM_2007"
"881"	"LG12"	"Veillonella.parvula"	"BA"	"Veil_parvula_NCTC11810"
"882"	"LG12"	"Veillonella.parvula"	"BA"	"Veil_parvula_UTDB1-3"
"883"	"LG12"	"Veillonella.parvula"	"BA"	"Veil_parvula_SKV38"
"884"	"LG12"	"Veillonella.parvula"	"BA"	"Veil_parvula_HSIVP1"
"888"	"LG12"	"Haemophilus.parainfluenzae"	"OP"	"Haem_parainfluenzae_M1C142_1"
"889"	"LG12"	"Haemophilus.parainfluenzae"	"OP"	"Haem_parainfluenzae_T3T1"
"892"	"LG12"	"Prevotella.melaninogenica"	"OP"	"Prev_melaninogenica_FDAARGOS_306"
"893"	"LG12"	"Prevotella.melaninogenica"	"OP"	"Prev_melaninogenica_F0692"
"896"	"LG12"	"Rothia.mucilaginosa"	"OP"	"Roth_mucilaginosa_LPB0405"
"897"	"LG12"	"Rothia.mucilaginosa"	"OP"	"Roth_mucilaginosa_NUM-Rm6536"
"899"	"LG12"	"Schaalia.odontolytica"	"OP"	"Scha_odontolytica_FDAARGOS_732"
"900"	"LG12"	"Schaalia.odontolytica"	"OP"	"Scha_odontolytica_KHUD_008"
"901"	"LG12"	"Schaalia.odontolytica"	"OP"	"Scha_odontolytica_XH001"
"904"	"LG12"	"Veillonella.parvula"	"OP"	"Veil_parvula_DSM_2007"
"905"	"LG12"	"Veillonella.parvula"	"OP"	"Veil_parvula_SKV38"
"906"	"LG12"	"Veillonella.parvula"	"OP"	"Veil_parvula_NCTC11810"
"907"	"LG12"	"Veillonella.parvula"	"OP"	"Veil_parvula_UTDB1-3"
"908"	"LG12"	"Veillonella.parvula"	"OP"	"Veil_parvula_HSIVP1"
"914"	"LG13"	"Prevotella.melaninogenica"	"BA"	"Prev_melaninogenica_FDAARGOS_306"
"915"	"LG13"	"Prevotella.melaninogenica"	"BA"	"Prev_melaninogenica_GAI_07411"
"918"	"LG13"	"Rothia.mucilaginosa"	"BA"	"Roth_mucilaginosa_NUM-Rm6536"
"920"	"LG13"	"Schaalia.odontolytica"	"BA"	"Scha_odontolytica_XH001"
"921"	"LG13"	"Schaalia.odontolytica"	"BA"	"Scha_odontolytica_FDAARGOS_732"
"923"	"LG13"	"Streptococcus.oralis"	"BA"	"Stre_oralis_NCTC_11427"
"925"	"LG13"	"Veillonella.atypica"	"BA"	"Veil_atypica_na"
"926"	"LG13"	"Veillonella.atypica"	"BA"	"Veil_atypica_OK5"
"928"	"LG13"	"Veillonella.dispar"	"BA"	"Veil_dispar_NCTC11831"
"929"	"LG13"	"Veillonella.dispar"	"BA"	"Veil_dispar_na"
"931"	"LG13"	"Veillonella.parvula"	"BA"	"Veil_parvula_UTDB1-3"
"932"	"LG13"	"Veillonella.parvula"	"BA"	"Veil_parvula_DSM_2007"
"938"	"LG13"	"Prevotella.melaninogenica"	"OP"	"Prev_melaninogenica_FDAARGOS_306"
"939"	"LG13"	"Prevotella.melaninogenica"	"OP"	"Prev_melaninogenica_GAI_07411"
"940"	"LG13"	"Prevotella.melaninogenica"	"OP"	"Prev_melaninogenica_F0692"
"943"	"LG13"	"Rothia.mucilaginosa"	"OP"	"Roth_mucilaginosa_NUM-Rm6536"
"944"	"LG13"	"Rothia.mucilaginosa"	"OP"	"Roth_mucilaginosa_LPB0405"
"946"	"LG13"	"Schaalia.odontolytica"	"OP"	"Scha_odontolytica_FDAARGOS_732"
"947"	"LG13"	"Schaalia.odontolytica"	"OP"	"Scha_odontolytica_XH001"
"949"	"LG13"	"Streptococcus.oralis"	"OP"	"Stre_oralis_NCTC_11427"
"951"	"LG13"	"Veillonella.parvula"	"OP"	"Veil_parvula_UTDB1-3"
"952"	"LG13"	"Veillonella.parvula"	"OP"	"Veil_parvula_DSM_2007"
"956"	"LG14"	"Haemophilus.parainfluenzae"	"BA"	"Haem_parainfluenzae_M1C130_2"
"958"	"LG14"	"Mycoplasma.pneumoniae"	"BA"	"Myco_pneumoniae_M29"
"960"	"LG14"	"Prevotella.melaninogenica"	"BA"	"Prev_melaninogenica_GAI_07411"
"963"	"LG14"	"Rothia.mucilaginosa"	"BA"	"Roth_mucilaginosa_NUM-Rm6536"
"964"	"LG14"	"Rothia.mucilaginosa"	"BA"	"Roth_mucilaginosa_LPB0405"
"973"	"LG14"	"Haemophilus.parainfluenzae"	"OP"	"Haem_parainfluenzae_M1C147_1"
"976"	"LG14"	"Prevotella.melaninogenica"	"OP"	"Prev_melaninogenica_GAI_07411"
"977"	"LG14"	"Prevotella.melaninogenica"	"OP"	"Prev_melaninogenica_FDAARGOS_306"
"980"	"LG14"	"Rothia.mucilaginosa"	"OP"	"Roth_mucilaginosa_NUM-Rm6536"
"985"	"LG14"	"Veillonella.dispar"	"OP"	"Veil_dispar_NCTC11831"
"986"	"LG14"	"Veillonella.dispar"	"OP"	"Veil_dispar_na"
"988"	"LG14"	"Veillonella.parvula"	"OP"	"Veil_parvula_DSM_2007"
"989"	"LG14"	"Veillonella.parvula"	"OP"	"Veil_parvula_SKV38"
"990"	"LG14"	"Veillonella.parvula"	"OP"	"Veil_parvula_NCTC11810"
"991"	"LG14"	"Veillonella.parvula"	"OP"	"Veil_parvula_UTDB1-3"
"992"	"LG14"	"Veillonella.parvula"	"OP"	"Veil_parvula_HSIVP1"
"996"	"LG15"	"Haemophilus.parainfluenzae"	"BA"	"Haem_parainfluenzae_M1C142_1"
"999"	"LG15"	"Prevotella.melaninogenica"	"BA"	"Prev_melaninogenica_FDAARGOS_1567"
"1000"	"LG15"	"Prevotella.melaninogenica"	"BA"	"Prev_melaninogenica_GAI_07411"
"1001"	"LG15"	"Prevotella.melaninogenica"	"BA"	"Prev_melaninogenica_F0516"
"1004"	"LG15"	"Rothia.mucilaginosa"	"BA"	"Roth_mucilaginosa_LPB0405"
"1006"	"LG15"	"Schaalia.odontolytica"	"BA"	"Scha_odontolytica_KHUD_008"
"1007"	"LG15"	"Schaalia.odontolytica"	"BA"	"Scha_odontolytica_FDAARGOS_732"
"1008"	"LG15"	"Schaalia.odontolytica"	"BA"	"Scha_odontolytica_XH001"
"1010"	"LG15"	"Streptococcus.oralis"	"BA"	"Stre_oralis_ATCC_10557"
"1012"	"LG15"	"Veillonella.atypica"	"BA"	"Veil_atypica_na"
"1013"	"LG15"	"Veillonella.atypica"	"BA"	"Veil_atypica_OK5"
"1015"	"LG15"	"Veillonella.dispar"	"BA"	"Veil_dispar_NCTC11831"
"1016"	"LG15"	"Veillonella.dispar"	"BA"	"Veil_dispar_na"
"1018"	"LG15"	"Veillonella.parvula"	"BA"	"Veil_parvula_UTDB1-3"
"1019"	"LG15"	"Veillonella.parvula"	"BA"	"Veil_parvula_DSM_2007"
"1020"	"LG15"	"Veillonella.parvula"	"BA"	"Veil_parvula_SKV38"
"1021"	"LG15"	"Veillonella.parvula"	"BA"	"Veil_parvula_HSIVP1"
"1022"	"LG15"	"Veillonella.parvula"	"BA"	"Veil_parvula_NCTC11810"
"1026"	"LG15"	"Haemophilus.parainfluenzae"	"OP"	"Haem_parainfluenzae_M1C142_1"
"1029"	"LG15"	"Prevotella.melaninogenica"	"OP"	"Prev_melaninogenica_FDAARGOS_306"
"1030"	"LG15"	"Prevotella.melaninogenica"	"OP"	"Prev_melaninogenica_GAI_07411"
"1031"	"LG15"	"Prevotella.melaninogenica"	"OP"	"Prev_melaninogenica_FDAARGOS_1567"
"1034"	"LG15"	"Rothia.mucilaginosa"	"OP"	"Roth_mucilaginosa_LPB0405"
"1035"	"LG15"	"Rothia.mucilaginosa"	"OP"	"Roth_mucilaginosa_NUM-Rm6536"
"1037"	"LG15"	"Schaalia.odontolytica"	"OP"	"Scha_odontolytica_FDAARGOS_732"
"1038"	"LG15"	"Schaalia.odontolytica"	"OP"	"Scha_odontolytica_KHUD_008"
"1040"	"LG15"	"Streptococcus.oralis"	"OP"	"Stre_oralis_NCTC_11427"
"1042"	"LG15"	"Veillonella.atypica"	"OP"	"Veil_atypica_na"
"1043"	"LG15"	"Veillonella.atypica"	"OP"	"Veil_atypica_OK5"
"1045"	"LG15"	"Veillonella.dispar"	"OP"	"Veil_dispar_NCTC11831"
"1046"	"LG15"	"Veillonella.dispar"	"OP"	"Veil_dispar_na"
"1048"	"LG15"	"Veillonella.parvula"	"OP"	"Veil_parvula_UTDB1-3"
"1049"	"LG15"	"Veillonella.parvula"	"OP"	"Veil_parvula_DSM_2007"
"1050"	"LG15"	"Veillonella.parvula"	"OP"	"Veil_parvula_SKV38"
"1055"	"LG16"	"Mycoplasma.pneumoniae"	"BA"	"Myco_pneumoniae_M29"
"1069"	"LG16"	"Prevotella.melaninogenica"	"OP"	"Prev_melaninogenica_FDAARGOS_306"
"1070"	"LG16"	"Prevotella.melaninogenica"	"OP"	"Prev_melaninogenica_GAI_07411"
"1071"	"LG16"	"Prevotella.melaninogenica"	"OP"	"Prev_melaninogenica_FDAARGOS_1567"
"1072"	"LG16"	"Prevotella.melaninogenica"	"OP"	"Prev_melaninogenica_F0300"
"1075"	"LG16"	"Rothia.mucilaginosa"	"OP"	"Roth_mucilaginosa_NUM-Rm6536"
"1076"	"LG16"	"Rothia.mucilaginosa"	"OP"	"Roth_mucilaginosa_LPB0405"
"1078"	"LG16"	"Schaalia.odontolytica"	"OP"	"Scha_odontolytica_XH001"
"1081"	"LG16"	"Veillonella.atypica"	"OP"	"Veil_atypica_OK5"
"1082"	"LG16"	"Veillonella.atypica"	"OP"	"Veil_atypica_na"
"1084"	"LG16"	"Veillonella.dispar"	"OP"	"Veil_dispar_NCTC11831"
"1085"	"LG16"	"Veillonella.dispar"	"OP"	"Veil_dispar_na"
"1087"	"LG16"	"Veillonella.parvula"	"OP"	"Veil_parvula_UTDB1-3"
"1088"	"LG16"	"Veillonella.parvula"	"OP"	"Veil_parvula_DSM_2007"
"1093"	"LG17"	"Mycoplasma.pneumoniae"	"BA"	"Myco_pneumoniae_M29"
"1095"	"LG17"	"Prevotella.melaninogenica"	"BA"	"Prev_melaninogenica_F0516"
"1098"	"LG17"	"Rothia.mucilaginosa"	"BA"	"Roth_mucilaginosa_NUM-Rm6536"
"1101"	"LG17"	"Streptococcus.oralis"	"BA"	"Stre_oralis_NCTC_11427"
"1102"	"LG17"	"Streptococcus.oralis"	"BA"	"Stre_oralis_CCUG_53468"
"1104"	"LG17"	"Veillonella.atypica"	"BA"	"Veil_atypica_OK5"
"1105"	"LG17"	"Veillonella.atypica"	"BA"	"Veil_atypica_na"
"1107"	"LG17"	"Veillonella.dispar"	"BA"	"Veil_dispar_NCTC11831"
"1109"	"LG17"	"Veillonella.parvula"	"BA"	"Veil_parvula_DSM_2007"
"1110"	"LG17"	"Veillonella.parvula"	"BA"	"Veil_parvula_SKV38"
"1115"	"LG17"	"Mycoplasma.pneumoniae"	"OP"	"Myco_pneumoniae_M29"
"1117"	"LG17"	"Prevotella.melaninogenica"	"OP"	"Prev_melaninogenica_FDAARGOS_1567"
"1118"	"LG17"	"Prevotella.melaninogenica"	"OP"	"Prev_melaninogenica_FDAARGOS_306"
"1119"	"LG17"	"Prevotella.melaninogenica"	"OP"	"Prev_melaninogenica_F0516"
"1121"	"LG17"	"Prevotella.nigrescens"	"OP"	"Prev_nigrescens_F0109"
"1123"	"LG17"	"Rothia.mucilaginosa"	"OP"	"Roth_mucilaginosa_NUM-Rm6536"
"1125"	"LG17"	"Schaalia.odontolytica"	"OP"	"Scha_odontolytica_XH001"
"1127"	"LG17"	"Streptococcus.oralis"	"OP"	"Stre_oralis_NCTC_11427"
"1128"	"LG17"	"Streptococcus.oralis"	"OP"	"Stre_oralis_CCUG_53468"
"1130"	"LG17"	"Veillonella.atypica"	"OP"	"Veil_atypica_OK5"
"1131"	"LG17"	"Veillonella.atypica"	"OP"	"Veil_atypica_na"
"1133"	"LG17"	"Veillonella.dispar"	"OP"	"Veil_dispar_NCTC11831"
"1134"	"LG17"	"Veillonella.dispar"	"OP"	"Veil_dispar_na"
"1136"	"LG17"	"Veillonella.parvula"	"OP"	"Veil_parvula_DSM_2007"
"1137"	"LG17"	"Veillonella.parvula"	"OP"	"Veil_parvula_SKV38"
"1141"	"LG19"	"Haemophilus.parainfluenzae"	"BA"	"Haem_parainfluenzae_EL1"
"1142"	"LG19"	"Haemophilus.parainfluenzae"	"BA"	"Haem_parainfluenzae_M1C160_1"
"1145"	"LG19"	"Prevotella.melaninogenica"	"BA"	"Prev_melaninogenica_GAI_07411"
"1152"	"LG19"	"Veillonella.dispar"	"BA"	"Veil_dispar_NCTC11831"
"1154"	"LG19"	"Veillonella.parvula"	"BA"	"Veil_parvula_DSM_2007"
"1155"	"LG19"	"Veillonella.parvula"	"BA"	"Veil_parvula_SKV38"
"1159"	"LG19"	"Haemophilus.parainfluenzae"	"OP"	"Haem_parainfluenzae_M1C160_1"
"1160"	"LG19"	"Haemophilus.parainfluenzae"	"OP"	"Haem_parainfluenzae_DSM_8978"
"1161"	"LG19"	"Haemophilus.parainfluenzae"	"OP"	"Haem_parainfluenzae_M1C152_1"
"1164"	"LG19"	"Prevotella.melaninogenica"	"OP"	"Prev_melaninogenica_GAI_07411"
"1165"	"LG19"	"Prevotella.melaninogenica"	"OP"	"Prev_melaninogenica_FDAARGOS_306"
"1168"	"LG19"	"Rothia.mucilaginosa"	"OP"	"Roth_mucilaginosa_NUM-Rm6536"
"1169"	"LG19"	"Rothia.mucilaginosa"	"OP"	"Roth_mucilaginosa_LPB0405"
"1171"	"LG19"	"Schaalia.odontolytica"	"OP"	"Scha_odontolytica_XH001"
"1173"	"LG19"	"Streptococcus.oralis"	"OP"	"Stre_oralis_SOT"
"1175"	"LG19"	"Veillonella.parvula"	"OP"	"Veil_parvula_DSM_2007"
"1176"	"LG19"	"Veillonella.parvula"	"OP"	"Veil_parvula_SKV38"
"1177"	"LG19"	"Veillonella.parvula"	"OP"	"Veil_parvula_NCTC11810"
"1178"	"LG19"	"Veillonella.parvula"	"OP"	"Veil_parvula_UTDB1-3"
"1179"	"LG19"	"Veillonella.parvula"	"OP"	"Veil_parvula_HSIVP1"
"1183"	"LG24"	"Haemophilus.parainfluenzae"	"BA"	"Haem_parainfluenzae_EL1"
"1184"	"LG24"	"Haemophilus.parainfluenzae"	"BA"	"Haem_parainfluenzae_DSM_8978"
"1186"	"LG24"	"Mycoplasma.pneumoniae"	"BA"	"Myco_pneumoniae_M29"
"1188"	"LG24"	"Prevotella.melaninogenica"	"BA"	"Prev_melaninogenica_F0301"
"1189"	"LG24"	"Prevotella.melaninogenica"	"BA"	"Prev_melaninogenica_FDAARGOS_306"
"1192"	"LG24"	"Rothia.mucilaginosa"	"BA"	"Roth_mucilaginosa_NUM-Rm6536"
"1196"	"LG24"	"Veillonella.atypica"	"BA"	"Veil_atypica_OK5"
"1197"	"LG24"	"Veillonella.atypica"	"BA"	"Veil_atypica_na"
"1199"	"LG24"	"Veillonella.dispar"	"BA"	"Veil_dispar_NCTC11831"
"1200"	"LG24"	"Veillonella.dispar"	"BA"	"Veil_dispar_na"
"1202"	"LG24"	"Veillonella.parvula"	"BA"	"Veil_parvula_UTDB1-3"
"1203"	"LG24"	"Veillonella.parvula"	"BA"	"Veil_parvula_DSM_2007"
"1207"	"LG24"	"Haemophilus.parainfluenzae"	"OP"	"Haem_parainfluenzae_EL1"
"1208"	"LG24"	"Haemophilus.parainfluenzae"	"OP"	"Haem_parainfluenzae_M1C142_1"
"1209"	"LG24"	"Haemophilus.parainfluenzae"	"OP"	"Haem_parainfluenzae_DSM_8978"
"1210"	"LG24"	"Haemophilus.parainfluenzae"	"OP"	"Haem_parainfluenzae_M1C160_1"
"1211"	"LG24"	"Haemophilus.parainfluenzae"	"OP"	"Haem_parainfluenzae_M1C125_4"
"1214"	"LG24"	"Prevotella.melaninogenica"	"OP"	"Prev_melaninogenica_F0301"
"1215"	"LG24"	"Prevotella.melaninogenica"	"OP"	"Prev_melaninogenica_FDAARGOS_306"
"1216"	"LG24"	"Prevotella.melaninogenica"	"OP"	"Prev_melaninogenica_F0692"
"1219"	"LG24"	"Rothia.mucilaginosa"	"OP"	"Roth_mucilaginosa_NUM-Rm6536"
"1221"	"LG24"	"Schaalia.odontolytica"	"OP"	"Scha_odontolytica_XH001"
"1224"	"LG24"	"Veillonella.atypica"	"OP"	"Veil_atypica_OK5"
"1225"	"LG24"	"Veillonella.atypica"	"OP"	"Veil_atypica_na"
"1227"	"LG24"	"Veillonella.dispar"	"OP"	"Veil_dispar_NCTC11831"
"1228"	"LG24"	"Veillonella.dispar"	"OP"	"Veil_dispar_na"
"1230"	"LG24"	"Veillonella.parvula"	"OP"	"Veil_parvula_UTDB1-3"
"1231"	"LG24"	"Veillonella.parvula"	"OP"	"Veil_parvula_DSM_2007"
"1232"	"LG24"	"Veillonella.parvula"	"OP"	"Veil_parvula_SKV38"
"1236"	"LG25"	"Haemophilus.parainfluenzae"	"BA"	"Haem_parainfluenzae_DSM_8978"
"1237"	"LG25"	"Haemophilus.parainfluenzae"	"BA"	"Haem_parainfluenzae_M27794"
"1240"	"LG25"	"Prevotella.melaninogenica"	"BA"	"Prev_melaninogenica_F0299"
"1243"	"LG25"	"Rothia.mucilaginosa"	"BA"	"Roth_mucilaginosa_na"
"1245"	"LG25"	"Schaalia.odontolytica"	"BA"	"Scha_odontolytica_FDAARGOS_732"
"1246"	"LG25"	"Schaalia.odontolytica"	"BA"	"Scha_odontolytica_KHUD_008"
"1248"	"LG25"	"Streptococcus.oralis"	"BA"	"Stre_oralis_FDAARGOS_1021"
"1249"	"LG25"	"Streptococcus.oralis"	"BA"	"Stre_oralis_S_MIT_ORALIS-351"
"1251"	"LG25"	"Veillonella.atypica"	"BA"	"Veil_atypica_na"
"1252"	"LG25"	"Veillonella.atypica"	"BA"	"Veil_atypica_OK5"
"1254"	"LG25"	"Veillonella.dispar"	"BA"	"Veil_dispar_NCTC11831"
"1256"	"LG25"	"Veillonella.parvula"	"BA"	"Veil_parvula_DSM_2007"
"1257"	"LG25"	"Veillonella.parvula"	"BA"	"Veil_parvula_NCTC11810"
"1258"	"LG25"	"Veillonella.parvula"	"BA"	"Veil_parvula_SKV38"
"1259"	"LG25"	"Veillonella.parvula"	"BA"	"Veil_parvula_HSIVP1"
"1260"	"LG25"	"Veillonella.parvula"	"BA"	"Veil_parvula_UTDB1-3"
"1264"	"LG25"	"Haemophilus.parainfluenzae"	"OP"	"Haem_parainfluenzae_DSM_8978"
"1267"	"LG25"	"Prevotella.melaninogenica"	"OP"	"Prev_melaninogenica_FDAARGOS_760"
"1268"	"LG25"	"Prevotella.melaninogenica"	"OP"	"Prev_melaninogenica_F0299"
"1271"	"LG25"	"Rothia.mucilaginosa"	"OP"	"Roth_mucilaginosa_na"
"1272"	"LG25"	"Rothia.mucilaginosa"	"OP"	"Roth_mucilaginosa_CECT30005"
"1274"	"LG25"	"Schaalia.odontolytica"	"OP"	"Scha_odontolytica_FDAARGOS_732"
"1275"	"LG25"	"Schaalia.odontolytica"	"OP"	"Scha_odontolytica_KHUD_008"
"1277"	"LG25"	"Streptococcus.oralis"	"OP"	"Stre_oralis_FDAARGOS_1021"
"1278"	"LG25"	"Streptococcus.oralis"	"OP"	"Stre_oralis_S_MIT_ORALIS-351"
"1280"	"LG25"	"Veillonella.atypica"	"OP"	"Veil_atypica_na"
"1281"	"LG25"	"Veillonella.atypica"	"OP"	"Veil_atypica_OK5"
"1284"	"LG25"	"Veillonella.parvula"	"OP"	"Veil_parvula_DSM_2007"
"1285"	"LG25"	"Veillonella.parvula"	"OP"	"Veil_parvula_SKV38"
"1286"	"LG25"	"Veillonella.parvula"	"OP"	"Veil_parvula_NCTC11810"
"1287"	"LG25"	"Veillonella.parvula"	"OP"	"Veil_parvula_HSIVP1"
"1288"	"LG25"	"Veillonella.parvula"	"OP"	"Veil_parvula_UTDB1-3"
"1293"	"LG26"	"Mycoplasma.pneumoniae"	"BA"	"Myco_pneumoniae_M29"
"1294"	"LG26"	"Mycoplasma.pneumoniae"	"BA"	"Myco_pneumoniae_M1139"
"1301"	"LG26"	"Veillonella.atypica"	"BA"	"Veil_atypica_na"
"1302"	"LG26"	"Veillonella.atypica"	"BA"	"Veil_atypica_OK5"
"1309"	"LG26"	"Mycoplasma.pneumoniae"	"OP"	"Myco_pneumoniae_M29"
"1311"	"LG26"	"Prevotella.melaninogenica"	"OP"	"Prev_melaninogenica_FDAARGOS_306"
"1312"	"LG26"	"Prevotella.melaninogenica"	"OP"	"Prev_melaninogenica_F0692"
"1318"	"LG26"	"Veillonella.atypica"	"OP"	"Veil_atypica_na"
"1319"	"LG26"	"Veillonella.atypica"	"OP"	"Veil_atypica_OK5"
"1321"	"LG26"	"Veillonella.dispar"	"OP"	"Veil_dispar_NCTC11831"
"1322"	"LG26"	"Veillonella.dispar"	"OP"	"Veil_dispar_na"
"1324"	"LG26"	"Veillonella.parvula"	"OP"	"Veil_parvula_DSM_2007"
"1328"	"LG27"	"Haemophilus.parainfluenzae"	"BA"	"Haem_parainfluenzae_M1C160_1"
"1339"	"LG27"	"Haemophilus.parainfluenzae"	"OP"	"Haem_parainfluenzae_M1C160_1"
"1342"	"LG27"	"Prevotella.melaninogenica"	"OP"	"Prev_melaninogenica_FDAARGOS_306"
"1343"	"LG27"	"Prevotella.melaninogenica"	"OP"	"Prev_melaninogenica_FDAARGOS_1567"
"1346"	"LG27"	"Rothia.mucilaginosa"	"OP"	"Roth_mucilaginosa_NUM-Rm6536"
"1347"	"LG27"	"Rothia.mucilaginosa"	"OP"	"Roth_mucilaginosa_LPB0405"
"1351"	"LG27"	"Veillonella.atypica"	"OP"	"Veil_atypica_na"
"1352"	"LG27"	"Veillonella.atypica"	"OP"	"Veil_atypica_OK5"
"1354"	"LG27"	"Veillonella.dispar"	"OP"	"Veil_dispar_NCTC11831"
"1355"	"LG27"	"Veillonella.dispar"	"OP"	"Veil_dispar_na"
"1357"	"LG27"	"Veillonella.parvula"	"OP"	"Veil_parvula_DSM_2007"
"1360"	"LG28"	"Enterococcus.faecium"	"BA"	"Ente_faecium_JE1"
"1365"	"LG28"	"Prevotella.nigrescens"	"BA"	"Prev_nigrescens_F0109"
"1372"	"LG28"	"Veillonella.parvula"	"BA"	"Veil_parvula_DSM_2007"
"1373"	"LG28"	"Veillonella.parvula"	"BA"	"Veil_parvula_HSIVP1"
"1374"	"LG28"	"Veillonella.parvula"	"BA"	"Veil_parvula_SKV38"
"1375"	"LG28"	"Veillonella.parvula"	"BA"	"Veil_parvula_UTDB1-3"
"1376"	"LG28"	"Veillonella.parvula"	"BA"	"Veil_parvula_NCTC11810"
"1380"	"LG28"	"Haemophilus.parainfluenzae"	"OP"	"Haem_parainfluenzae_DSM_8978"
"1385"	"LG28"	"Rothia.mucilaginosa"	"OP"	"Roth_mucilaginosa_na"
"1387"	"LG28"	"Schaalia.odontolytica"	"OP"	"Scha_odontolytica_KHUD_008"
"1392"	"LG28"	"Veillonella.parvula"	"OP"	"Veil_parvula_DSM_2007"
"1401"	"LG29"	"Schaalia.odontolytica"	"BA"	"Scha_odontolytica_KHUD_008"
"1406"	"LG29"	"Veillonella.parvula"	"BA"	"Veil_parvula_DSM_2007"
"1419"	"LG29"	"Veillonella.parvula"	"OP"	"Veil_parvula_DSM_2007"
"1420"	"LG29"	"Veillonella.parvula"	"OP"	"Veil_parvula_HSIVP1"
"1421"	"LG29"	"Veillonella.parvula"	"OP"	"Veil_parvula_SKV38"
"1422"	"LG29"	"Veillonella.parvula"	"OP"	"Veil_parvula_UTDB1-3"
"1423"	"LG29"	"Veillonella.parvula"	"OP"	"Veil_parvula_NCTC11810"
"1424"	"HZ33"	"Haemophilus.parainfluenzae"	"OP"	"Haem_parainfluenzae_DSM_8978"
"1425"	"HZ33"	"Haemophilus.parainfluenzae"	"OP"	"Haem_parainfluenzae_M1C152_1"
"1426"	"HZ33"	"Haemophilus.parainfluenzae"	"OP"	"Haem_parainfluenzae_M1C160_1"
"1427"	"HZ33"	"Prevotella.melaninogenica"	"OP"	"Prev_melaninogenica_F0516"
"1428"	"HZ33"	"Prevotella.melaninogenica"	"OP"	"Prev_melaninogenica_FDAARGOS_306"
"1429"	"HZ33"	"Prevotella.melaninogenica"	"OP"	"Prev_melaninogenica_FDAARGOS_760"
"1430"	"HZ33"	"Prevotella.melaninogenica"	"OP"	"Prev_melaninogenica_GAI_07411"
"1431"	"HZ33"	"Prevotella.nigrescens"	"OP"	"Prev_nigrescens_DSM_13386"
"1432"	"HZ33"	"Prevotella.nigrescens"	"OP"	"Prev_nigrescens_F0103"
"1433"	"HZ33"	"Prevotella.nigrescens"	"OP"	"Prev_nigrescens_F0109"
"1434"	"HZ33"	"Prevotella.nigrescens"	"OP"	"Prev_nigrescens_F0630"
"1435"	"HZ33"	"Rothia.mucilaginosa"	"OP"	"Roth_mucilaginosa_NUM-Rm6536"
"1436"	"HZ33"	"Schaalia.odontolytica"	"OP"	"Scha_odontolytica_KHUD_008"
"1437"	"HZ33"	"Schaalia.odontolytica"	"OP"	"Scha_odontolytica_XH001"
"1438"	"HZ33"	"Streptococcus.oralis"	"OP"	"Stre_oralis_FDAARGOS_367"
"1439"	"HZ33"	"Streptococcus.oralis"	"OP"	"Stre_oralis_HP01"
"1440"	"HZ33"	"Streptococcus.oralis"	"OP"	"Stre_oralis_osk_001"
"1441"	"HZ33"	"Streptococcus.oralis"	"OP"	"Stre_oralis_SOT"
"1442"	"HZ33"	"Veillonella.atypica"	"OP"	"Veil_atypica_na"
"1443"	"HZ33"	"Veillonella.atypica"	"OP"	"Veil_atypica_OK5"
"1444"	"HZ33"	"Veillonella.dispar"	"OP"	"Veil_dispar_NCTC11831"
"1445"	"HZ33"	"Veillonella.parvula"	"OP"	"Veil_parvula_DSM_2007"
"1446"	"HZ33"	"Veillonella.parvula"	"OP"	"Veil_parvula_NCTC11810"
"1447"	"HZ33"	"Veillonella.parvula"	"OP"	"Veil_parvula_SKV38"
